Variants,Mutation,Aβ40 (relative to WT),Significant?,Aβ42 (relative to WT),Significant?,Aβ42/40,Significant?,variant_id_hg38,variant_id_hg19,aaref,aaalt,SIFT_score,SIFT_converted_rankscore,SIFT_pred,SIFT4G_score,SIFT4G_converted_rankscore,SIFT4G_pred,Polyphen2_HDIV_score,Polyphen2_HDIV_rankscore,Polyphen2_HDIV_pred,Polyphen2_HVAR_score,Polyphen2_HVAR_rankscore,Polyphen2_HVAR_pred,MutationTaster_score,MutationTaster_rankscore,MutationTaster_pred,MutationTaster_model,MutationTaster_trees_benign,MutationTaster_trees_deleterious,MutationAssessor_score,MutationAssessor_rankscore,MutationAssessor_pred,PROVEAN_score,PROVEAN_converted_rankscore,PROVEAN_pred,VEST4_score,VEST4_rankscore,MetaSVM_score,MetaSVM_rankscore,MetaSVM_pred,MetaLR_score,MetaLR_rankscore,MetaLR_pred,Reliability_index,MetaRNN_score,MetaRNN_rankscore,MetaRNN_pred,M-CAP_score,M-CAP_rankscore,M-CAP_pred,REVEL_score,REVEL_rankscore,MutPred2_score,MutPred2_rankscore,MutPred2_pred,MutPred2_top5_mechanisms,MVP_score,MVP_rankscore,gMVP_score,gMVP_rankscore,MPC_score,MPC_rankscore,PrimateAI_score,PrimateAI_rankscore,PrimateAI_pred,DEOGEN2_score,DEOGEN2_rankscore,DEOGEN2_pred,BayesDel_addAF_score,BayesDel_addAF_rankscore,BayesDel_addAF_pred,BayesDel_noAF_score,BayesDel_noAF_rankscore,BayesDel_noAF_pred,ClinPred_score,ClinPred_rankscore,ClinPred_pred,LIST-S2_score,LIST-S2_rankscore,LIST-S2_pred,VARITY_R_score,VARITY_R_rankscore,VARITY_ER_score,VARITY_ER_rankscore,VARITY_R_LOO_score,VARITY_R_LOO_rankscore,VARITY_ER_LOO_score,VARITY_ER_LOO_rankscore,ESM1b_score,ESM1b_converted_rankscore,ESM1b_pred,AlphaMissense_score,AlphaMissense_rankscore,AlphaMissense_pred,PHACTboost_score,PHACTboost_rankscore,MutFormer_score,MutFormer_rankscore,MutScore_score,MutScore_rankscore,Aloft_Fraction_transcripts_affected,Aloft_prob_Tolerant,Aloft_prob_Recessive,Aloft_prob_Dominant,Aloft_pred,Aloft_Confidence,CADD_raw,CADD_raw_rankscore,CADD_phred,DANN_score,DANN_rankscore,fathmm-XF_coding_score,fathmm-XF_coding_rankscore,fathmm-XF_coding_pred,Eigen-raw_coding,Eigen-raw_coding_rankscore,Eigen-phred_coding,Eigen-PC-raw_coding,Eigen-PC-raw_coding_rankscore,Eigen-PC-phred_coding
APP:p.Ala201Val,A201V,0.91031,No,0.90097,No,0.98973,No,21-26051060-G-A,21-27423376-G-A,A,V,0.278,0.16944,T,0.292,0.23449,T,0.028,0.34744,B,0.004,0.3677,B,0.08,0.34793,N,simple_aae,91,8,1.175,0.29723,L,-0.76,0.23318,N,0.232,0.27949,-0.065,0.80802,T,0.7534,0.91571,D,10,0.12828246,0.24102,T,0.133874,0.81578,D,0.406,0.71717,0.1221098062,0.20683,BM,"Loss of B-factor at E203 (Pr = 0.28 , P = 0.017)| Altered Cytoplasmic_loop (Pr = 0.28, P = 0.00038)| Loss of Proteolytic_cleavage at D197 (Pr = 0.22 , P = 0.00075)",0.7728020337,0.76889,0.1491611388,0.14664,0.3925509247,0.40147,0.5239607096,0.42124,T,0.115241,0.43012,T,-0.0400939,0.45597,T,-0.00522555,0.69775,D,0.06454632014,0.07774,T,0.865313,0.63083,D,0.33211505,0.55303,0.21251631,0.45547,0.33211505,0.55303,0.21251631,0.45546,-3.149156,0.12493,T,0.0724,0.14358,B,0.4564388365,0.59447,0.77763927,0.87798,0.061,0.16802,.,.,.,.,.,.,2.795994,0.36928,20.3,0.9975949836,0.84966,0.275496,0.38844,N,-0.3686386801,0.26318,1.452508,-0.2425856566,0.29714,1.687206
APP:p.Ala235Val,A235V,0.4934,Yes,0.5842,Yes,1.1857,No,21-26022001-G-A,21-27394317-G-A,A,V,0.352,0.21999,T,0.292,0.21213,T,0.049,0.2462,B,0.008,0.18487,B,0.12,0.45658,N,simple_aae,88,12,-0.14,0.04488,N,-0.39,0.16528,N,0.192,0.24711,0.3876,0.88866,D,0.6824,0.88986,D,10,0.063552946,0.0827,T,0.089777,0.75315,D,0.254,0.56216,0.2760657997,0.40883,BP,"Altered Cytoplasmic_loop (Pr = 0.32, P = 6.8e-05)| Altered Non_transmembrane (Pr = 0.13, P = 0.017)| Loss of Calcium_binding at E240 (Pr = 0.0012 , P = 0.045)| Loss of Carboxylation at E240 (Pr = 0.00059 , P = 0.0019)| Loss of Amidation at E239 (Pr = 0.00022 , P = 0.048)",0.7336028625,0.72909,0.05945923682,0.05766,0.3925509247,0.40147,0.4945765138,0.38021,T,0.106775,0.41495,T,-0.11171,0.34128,T,-0.0306478,0.68094,D,0.04726739591,0.04965,T,0.884911,0.65545,D,0.03466049,0.03893,0.048837572,0.07349,0.03466049,0.03892,0.048837572,0.07348,-3.2063959,0.12118,T,0.0731,0.06742,B,0.03722206477,0.34641,0.6714437,0.85477,0.028,0.05473,.,.,.,.,.,.,2.977673,0.39873,21,0.9871724303,0.45334,0.260399,0.37653,N,-0.3725619406,0.26176,1.443685,-0.2371692942,0.29902,1.699391
APP:p.Asp243Asn,D243N,0.995382,No,0.98841,No,0.992705,No,21-26021978-C-T,21-27394294-C-T,D,N,0.078,0.50838,T,0.134,0.36181,T,0.044,0.30356,B,0.004,0.14298,B,0.1,0.52975,N,simple_aae,90,10,1.245,0.3126,L,-1.2,0.31545,N,0.191,0.28299,-1.0244,0.22236,T,0.0423,0.18066,T,10,0.121991426,0.22853,T,0.014351,0.34155,T,0.101,0.28723,0.154226706,0.25808,BM,"Loss of B-factor at D244 (Pr = 0.3 , P = 0.01)| Gain of Strand (Pr = 0.29 , P = 0.0055)| Altered Cytoplasmic_loop (Pr = 0.28, P = 0.00049)| Loss of Loop (Pr = 0.27 , P = 0.03)| Loss of Sodium_binding at D247 (Pr = 0.2 , P = 0.04)",0.6912427657,0.68612,0.02716457733,0.02581,0.384911964,0.395,0.4069615304,0.26004,T,0.178375,0.52614,T,0.0214563,0.54268,T,-0.0311091,0.68064,D,0.05721002929,0.06651,T,0.837116,0.58212,T,0.03680277,0.04552,0.037994586,0.03582,0.03680277,0.04551,0.037994586,0.03581,-6.675284,0.51754,T,0.0846,0.10112,B,0.1090400035,0.44111,0.26178652,0.75571,0.067,0.18708,.,.,.,.,.,.,2.78401,0.3674,20.3,0.9919952495,0.55369,0.132717,0.24999,N,-0.3298875498,0.27742,1.54193,-0.3326994882,0.26733,1.498262
APP:p.Glu246Lys,E246K,1.1746,No,1.2483,No,0.93706,No,21-26021969-C-T,21-27394285-C-T,E,K,0.235,0.20869,T,0.259,0.24842,T,0.826,0.4904,P,0.305,0.47703,B,0.15,0.52014,N,simple_aae,85,15,0.83,0.20854,L,-1.82,0.44665,N,0.472,0.54263,-1.0572,0.12473,T,0.0904,0.34461,T,10,0.32047373,0.49037,D,0.030531,0.52635,D,0.267,0.57919,0.5400893296,0.63522,UC,"Altered Cytoplasmic_loop (Pr = 0.3, P = 0.00013)| Loss of Loop (Pr = 0.28 , P = 0.015)| Gain of Strand (Pr = 0.27 , P = 0.022)| Gain of SUMOylation at E246 (Pr = 0.27 , P = 0.005)| Gain of Ubiquitylation at E246 (Pr = 0.26 , P = 0.0013)",0.7639693655,0.75992,0.06389407452,0.06205,0.445687947,0.44166,0.5386192203,0.44186,T,0.224198,0.58594,T,0.00773426,0.52397,T,0.0100018,0.70766,D,0.2094946815,0.2067,T,0.987776,0.95858,D,0.069677845,0.15141,0.112077005,0.2697,0.069677845,0.15141,0.112077005,0.26969,-7.9601893,0.593,D,0.1301,0.28035,B,0.4120257639,0.58054,0.5298354,0.82528,0.085,0.23997,.,.,.,.,.,.,4.01743,0.5945,24.1,0.9727376464,0.33426,0.468507,0.5136,N,0.0169202903,0.42365,2.571805,0.09552763425,0.44048,2.716294
APP:p.Arg468His,R468H,0.864,No,0.8907,No,1.02983,No,21-25975125-C-T,21-27347438-C-T,R,H,0.001,0.78666,D,0.011,0.65114,D,1,0.90584,D,0.988,0.78402,D,0.88,0.93592,D,simple_aae,12,88,2.485,0.72168,M,-2.7,0.58116,D,0.897,0.907,-0.3616,0.73098,T,0.3304,0.69692,T,10,0.6714468,0.70467,D,0.034303,0.55415,D,0.32,0.64028,0.7664170076,0.80947,PP,"Gain of Zinc_binding at D467 (Pr = 0.34 , P = 0.012)| Altered MoRF (Pr = 0.34, P = 0.011)| Loss of Helix (Pr = 0.28 , P = 0.022)| Altered Coiled_coil (Pr = 0.22, P = 0.021)| Altered DNA_binding (Pr = 0.2, P = 0.02)",0.6507274404,0.64506,0.4752870662,0.47244,1.371686239,0.84482,0.8426728249,0.88483,D,0.353727,0.71878,T,0.214013,0.75023,D,0.166493,0.81062,D,0.9823285937,0.74244,D,0.951605,0.8527,D,0.7436726,0.80259,0.54305035,0.73325,0.7436726,0.80261,0.54305035,0.73325,-10.265325,0.77248,D,0.3066,0.5348,B,0.8841212366,0.75017,0.91614467,0.91813,0.694,0.83023,.,.,.,.,.,.,5.452794,0.91096,32,0.9995555334,0.99975,0.949486,0.96204,D,0.7491120756,0.82755,7.864946,0.7078358993,0.82882,7.90162
APP:p.Ala479Ser,A479S,0.8893,No,0.8607,No,0.97268,No,21-25975093-C-A,21-27347406-C-A,A,S,0.055,0.39253,T,0.184,0.29372,T,0.259,0.31491,B,0.347,0.42749,B,0.39,0.65321,N,simple_aae,61,39,1.295,0.32305,L,-2.21,0.497,N,0.417,0.48348,-0.7769,0.56299,T,0.2313,0.59567,T,10,0.30644327,0.47765,D,0.026786,0.49468,D,0.155,0.40311,0.3976493333,0.52218,UC,"Altered MoRF (Pr = 0.28, P = 0.033)",0.6344858403,0.62862,0.2870950562,0.28417,0.8808973884,0.6958,0.6750058532,0.63494,T,0.228439,0.59132,T,-0.168571,0.25109,T,-0.275366,0.4694,T,0.19313287,0.1978,T,0.958304,0.84301,D,0.33556172,0.55583,0.2623688,0.51818,0.33556172,0.55583,0.2623688,0.51817,-6.524623,0.53469,T,0.1645,0.36357,B,0.7599382354,0.69171,0.82640994,0.89002,0.157,0.39665,.,.,.,.,.,.,3.838532,0.55678,23.6,0.9971310363,0.81539,0.527271,0.5477,D,0.1819446704,0.50091,3.224247,0.2269879694,0.511,3.318319
APP:p.Lys496Gln,K496Q,1.2913,Yes,1.154,No,0.8873,No,21-25955728-T-G,21-27328042-T-G,K,Q,0.013,0.60088,D,0.008,0.6821,D,0.998,0.77921,D,0.95,0.68786,D,0.71,0.82411,D,simple_aae,29,71,2.34,0.66963,M,-1.5,0.41045,N,0.621,0.67921,-0.5008,0.68483,T,0.2778,0.64821,T,10,0.5099885,0.61717,D,0.035669,0.56327,D,0.11,0.30884,0.4160889657,0.53762,UC,"Loss of Acetylation at K496 (Pr = 0.37 , P = 0.0018)| Altered Calmodulin_binding (Pr = 0.33, P = 0.011)",0.6914246517,0.68631,0.3940317521,0.39109,1.22888073,0.81183,0.8353059292,0.87356,D,0.341003,0.70771,T,-0.0159671,0.49096,T,-0.153055,0.58682,T,0.8526298404,0.50125,D,0.972453,0.90556,D,0.5912127,0.7192,0.3283642,0.58487,0.5912127,0.71921,0.3283642,0.58486,-9.737471,0.71313,D,0.7691,0.75833,P,0.9598744867,0.81702,0.9486287,0.93299,0.285,0.55474,.,.,.,.,.,.,4.340484,0.66696,25,0.9934520376,0.60447,0.799741,0.72492,D,0.5109257345,0.67566,5.121424,0.5241584869,0.69454,5.386425
APP:p.Ala500Thr,A500T,1.001174,No,1.06989,No,1.06825,No,21-25955716-C-T,21-27328030-C-T,A,T,0.002,0.91345,D,0.003,0.76782,D,1,0.90584,D,0.992,0.80454,D,0.67,0.81307,D,simple_aae,33,67,2.75,0.80205,M,-3.25,0.66929,D,0.949,0.95739,-0.2435,0.7643,T,0.3844,0.73917,T,10,0.8006839,0.79263,D,0.070891,0.71027,D,0.37,0.68764,0.6147825612,0.69151,UC,"Altered Calmodulin_binding (Pr = 0.27, P = 0.019)| Loss of Acetylation at K496 (Pr = 0.24 , P = 0.019)| Altered DNA_binding (Pr = 0.23, P = 0.013)| Loss of Allosteric_site at R505 (Pr = 0.2 , P = 0.041)| Altered RNA_binding (Pr = 0.0014, P = 0.016)",0.6175766494,0.6115,0.4328843159,0.42998,1.196088216,0.80294,0.8377981186,0.87739,D,0.540386,0.84081,D,0.271217,0.80404,D,0.234673,0.84784,D,0.9542351779,0.63993,D,0.965903,0.87424,D,0.6641992,0.75848,0.5504394,0.73744,0.6641992,0.75849,0.5504394,0.73744,-9.371229,0.68102,D,0.7063,0.76904,P,0.9991391922,0.95782,0.96425706,0.9424,0.694,0.83023,.,.,.,.,.,.,4.766161,0.77184,26.6,0.9993929956,0.99735,0.924799,0.90303,D,0.5057436851,0.67258,5.080414,0.4872107529,0.66963,5.044526
APP:p.Lys510Asn,K510N,1.0868,No,1.123,No,0.96556,No,21-25955684-C-A,21-27327998-C-A,K,N,0.239,0.78666,T,0.009,0.69472,D,0.999,0.90584,D,0.98,0.80454,D,0.69,0.83495,D,simple_aae,31,69,1.505,0.38002,L,-2.17,0.53444,N,0.669,0.69765,-0.958,0.39385,T,0.136,0.4496,T,10,0.5029448,0.61328,D,0.038681,0.58207,D,0.2,0.48209,0.7415446237,0.78927,PP,"Gain of Zinc_binding at H511 (Pr = 0.37 , P = 0.0098)| Altered DNA_binding (Pr = 0.23, P = 0.0095)| Gain of Nickel_binding at H514 (Pr = 0.23 , P = 0.019)| Gain of Allosteric_site at R505 (Pr = 0.2 , P = 0.035)| Loss of Acetylation at K510 (Pr = 0.2 , P = 0.039)",0.4368863695,0.42919,0.4195485838,0.41662,1.324882478,0.83449,0.9237524867,0.98595,D,0.272209,0.64201,T,-0.0859057,0.38395,T,-0.361174,0.37558,T,0.930811286,0.5934,D,0.968103,0.88424,D,0.5491774,0.69602,0.32953152,0.58592,0.5491774,0.69603,0.32953152,0.58591,-9.942974,0.70874,D,0.9931,0.94675,P,0.9671537624,0.82796,0.8268631,0.89013,0.173,0.4226,.,.,.,.,.,.,3.518841,0.49467,22.8,0.9966091284,0.78004,0.59181,0.5863,D,0.2026407083,0.51089,3.314827,0.1588855127,0.47349,2.989065
APP:p.Tyr538His,Y538H,0.4367,Yes,0.4521,Yes,1.08846,No,21-25954665-A-G,21-27326979-A-G,Y,H,0.005,0.6558,D,0.002,0.7971,D,0.945,0.54527,P,0.909,0.6456,D,0.17,0.5103,N,simple_aae,83,17,0.69,0.16878,N,1.09,0.01415,N,0.609,0.62416,-0.904,0.47365,T,0.1361,0.44979,T,10,0.39391488,0.54727,D,0.015704,0.3633,T,0.169,0.42902,0.5356240272,0.63181,UC,"Altered MoRF (Pr = 0.33, P = 0.013)| Altered Coiled_coil (Pr = 0.19, P = 0.02)| Loss of N_linked_glycosylation at N542 (Pr = 0.019 , P = 0.035)",0.6959177082,0.69086,0.5807574499,0.57815,1.311910992,0.83156,0.8358772397,0.87444,D,0.100254,0.4025,T,-0.0871935,0.38183,T,-0.181496,0.5608,T,0.527025629,0.33313,D,0.962504,0.85974,D,0.65077096,0.75126,0.343822,0.59844,0.65077096,0.75127,0.343822,0.59843,-0.42870522,0.00529,T,0.1581,0.35038,B,0.9493085907,0.80363,0.90972364,0.91565,0.3,0.56823,.,.,.,.,.,.,4.513703,0.70813,25.6,0.9968458338,0.7956,0.572879,0.57479,D,0.3272216271,0.57335,3.922725,0.4266066129,0.63031,4.552488
APP:p.Val562Ile,V562I,0.7586,Yes,1.01239,No,1.3371,No,21-25954593-C-T,21-27326907-C-T,V,I,1,0.00968,T,1,0.01173,T,0.02,0.23136,B,0.074,0.32391,B,0.35,0.68992,N,simple_aae,65,35,0.925,0.23358,L,0.32,0.04432,N,0.224,0.31924,-1.0924,0.05157,T,0.0612,0.25359,T,10,0.119436145,0.22329,T,0.009963,0.25655,T,0.136,0.36566,0.2129747267,0.33759,BP,"Altered Coiled_coil (Pr = 0.38, P = 0.0075)| Altered Cytoplasmic_loop (Pr = 0.13, P = 0.025)",0.487560613,0.48022,0.3027215448,0.29978,0.355276653,0.37001,0.6399629712,0.58496,T,0.093908,0.38981,T,-0.0386824,0.45806,T,-0.293341,0.45082,T,0.2419181033,0.22238,T,0.868713,0.57066,D,0.18195865,0.39072,0.2830767,0.54079,0.18195865,0.39072,0.2830767,0.54078,-5.708326,0.43728,T,0.2022,0.42708,B,0.02613500709,0.31656,0.57275707,0.83429,0.14,0.36614,.,.,.,.,.,.,3.922573,0.57422,23.8,0.901917972,0.19829,0.539075,0.55464,D,-0.2122800085,0.32353,1.842233,0.03423644256,0.4103,2.480194
APP:p.Glu599Lys,E599K,0.5817,Yes,0.7836,No,1.351,No,21-25911855-C-T,21-27284167-C-T,E,K,0.015,0.58786,D,0.054,0.56542,T,0.979,0.67509,D,0.548,0.69739,P,0.04,0.21188,N,simple_aae,96,4,2.175,0.60795,M,-1.84,0.44102,N,0.752,0.77888,0.9928,0.9706,D,0.91,0.97011,D,10,0.01247862,0.00264,T,0.218767,0.87646,D,0.692,0.88771,0.6087065638,0.68692,UC,"Altered Cytoplasmic_loop (Pr = 0.28, P = 0.0004)",0.896061816,0.89422,0.7728677185,0.77105,0.9376740801,0.71922,0.838160336,0.87794,D,0.218489,0.57865,T,0.0690321,0.60451,T,0.321768,0.89089,D,0.07612306581,0.09369,T,0.982402,0.94078,D,0.15343106,0.3448,0.14101622,0.33489,0.16467056,0.36381,0.15035656,0.35345,-5.0901074,0.40307,T,0.3683,0.57688,A,0.9942561632,0.90531,0.9785534,0.95378,0.253,0.52345,.,.,.,.,.,.,4.195025,0.63379,24.6,0.9992225116,0.98855,0.750078,0.69018,D,0.5470132581,0.69743,5.423225,0.5347949492,0.70186,5.491805
APP:p.Thr600Met,T600M,0.8359,Yes,1.1519,No,1.3746,No,21-25911851-G-A,21-27284163-G-A,T,M,0.035,0.50294,D,0.042,0.52417,D,1,0.90584,D,0.951,0.82067,D,0.23,0.583,N,simple_aae,77,23,2.075,0.56872,M,-2.12,0.48197,N,0.611,0.63951,0.9595,0.96528,D,0.9012,0.96716,D,10,0.21327657,0.3742,T,0.223922,0.87897,D,0.662,0.87323,0.3288875752,0.46103,BP,"Altered Cytoplasmic_loop (Pr = 0.21, P = 0.0039)| Gain of SUMOylation at K601 (Pr = 0.18 , P = 0.045)",0.9609779178,0.96021,0.4407142507,0.43782,1.209961415,0.80705,0.7567052841,0.75397,T,0.257054,0.62536,T,0.00369213,0.51843,T,0.202448,0.8314,D,0.1735788594,0.18587,T,0.979102,0.92727,D,0.09965151,0.23301,0.1384669,0.32964,0.09965151,0.23301,0.1384669,0.32963,-5.3657036,0.41136,T,0.1683,0.38116,B,0.9528183583,0.80779,0.9739474,0.9497,0.239,0.50846,.,.,.,.,.,.,4.796667,0.77976,26.8,0.998986999,0.9713,0.790991,0.71869,D,0.5369038329,0.69127,5.335756,0.5175803904,0.69008,5.322807
APP:p.Ser614Gly,S614G,0.8343,Yes,1.3848,Yes,1.654,Yes,21-25911810-T-C,21-27284122-T-C,S,G,0.209,0.21915,T,0.238,0.26127,T,0.003,0.25846,B,0.004,0.2051,B,0.06,0.68236,N,simple_aae,94,6,0.46,0.12865,N,-0.53,0.17975,N,0.314,0.40312,0.129,0.84625,D,0.5468,0.83293,D,10,0.007218659,0.00161,T,,,,0.262,0.57273,0.2631428486,0.39514,BP,"Loss of Proteolytic_cleavage at D616 (Pr = 0.12 , P = 0.032)| Altered Cytoplasmic_loop (Pr = 0.11, P = 0.034)",0.7760411972,0.77218,0.5249350331,0.52219,0.3646814363,0.37797,0.5418254733,0.44638,T,0.102435,0.40675,T,-0.173983,0.24295,T,-0.0103667,0.69437,D,0.0118008805,0.00181,T,0.841716,0.52054,T,0.28972095,0.51625,0.18152589,0.40871,0.28341228,0.51031,0.16279683,0.37665,-4.177143,0.28035,T,0.0854,0.105,B,0.5957570307,0.63684,0.8369541,0.89281,0.106,0.29385,.,.,.,.,.,.,2.61839,0.34176,19.51,0.9919231717,0.55163,0.731382,0.67731,D,-0.2015820479,0.32794,1.87203,-0.00145125098,0.39359,2.354181
APP:p.Pro620Ala,P620A,1.05772,No,1.666,Yes,1.569,Yes,21-25911792-G-C,21-27284104-G-C,P,A,0.018,0.52015,D,0.026,0.6198,D,0.656,0.68799,P,0.391,0.75172,B,0.45,0.71705,N,simple_aae,55,45,2.455,0.71063,M,-3.45,0.67624,D,0.527,0.59094,0.598,0.91844,D,0.8616,0.95384,D,10,0.5022376,0.61289,D,0.178949,0.85354,D,0.701,0.89192,0.4804603481,0.58935,UC,"Altered Cytoplasmic_loop (Pr = 0.2, P = 0.005)| Gain of Proteolytic_cleavage at H622 (Pr = 0.15 , P = 0.011)",0.8907721303,0.88884,0.6388502971,0.63644,0.7143579344,0.61623,0.56558007,0.47987,T,0.432185,0.77803,T,0.299841,0.82831,D,0.192925,0.82609,D,0.9766404629,0.7128,D,0.973703,0.90516,D,0.47927102,0.65534,0.25905383,0.5144,0.47927102,0.65535,0.25905383,0.5144,-4.3716884,0.3066,T,0.0926,0.13941,B,0.4977987665,0.60713,0.9771606,0.95249,0.368,0.62313,.,.,.,.,.,.,3.37529,0.46821,22.3,0.9924825783,0.56923,0.822325,0.74174,D,0.3231535009,0.57122,3.900843,0.3780486649,0.60003,4.206528
APP:p.Pro620Leu,P620L,1.3135,Yes,1.7549,Yes,1.3302,No,21-25911791-G-A,21-27284103-G-A,P,L,0.004,0.68402,D,0.007,0.72536,D,0.963,0.90584,D,0.406,0.80454,B,0.52,0.70395,D,simple_aae,48,52,2.455,0.71063,M,-4.65,0.79433,D,0.639,0.69677,0.909,0.95788,D,0.9112,0.97051,D,10,0.6862515,0.71314,D,0.351066,0.92255,D,0.772,0.92308,0.6427813703,0.71264,UC,"Altered Cytoplasmic_loop (Pr = 0.21, P = 0.0048)| Gain of Proteolytic_cleavage at H622 (Pr = 0.16 , P = 0.0087)",0.9436865495,0.94264,0.7002045797,0.69804,0.7567854338,0.63805,0.6493512392,0.59832,T,0.423915,0.77247,T,0.2797,0.81153,D,0.345521,0.90069,D,0.8721091747,0.51937,D,0.983702,0.94503,D,0.574061,0.70981,0.34666732,0.60087,0.574061,0.70982,0.34666732,0.60086,-5.404962,0.4159,T,0.1063,0.25791,B,0.9313040209,0.78516,0.9876432,0.96394,0.518,0.72602,.,.,.,.,.,.,4.056876,0.60309,24.2,0.998803006,0.95663,0.869367,0.78909,D,0.5516663697,0.70029,5.464361,0.5584210156,0.71833,5.739083
APP:p.Glu665Asp,E665D,0.94527,No,1.2799,No,1.349,No,21-25897642-C-A,21-27269954-C-A,E,D,0.559,0.09837,T,0.398,0.18698,T,0.209,0.47575,B,0.08,0.47061,B,0.98,0.9938,D,simple_aae,2,98,1.745,0.45068,L,-0.42,0.16116,N,0.831,0.82606,0.466,0.90025,D,0.7798,0.925,D,10,0.6051949,0.66842,D,0.161547,0.84091,D,0.624,0.85389,0.4085523293,0.53134,UC,"Altered Cytoplasmic_loop (Pr = 0.28, P = 0.00046)| Gain of Phosphorylation at S667 (Pr = 0.28 , P = 0.019)| Loss of SUMOylation at K662 (Pr = 0.24 , P = 0.011)| Gain of Acetylation at K662 (Pr = 0.19 , P = 0.043)| Gain of Ubiquitylation at K662 (Pr = 0.17 , P = 0.024)",0.8148185102,0.81159,0.5716999238,0.56906,0.4196401916,0.42222,0.7928982973,0.8085,T,0.117161,0.43347,T,0.385827,0.89,D,0.316438,0.88862,D,0.7587282062,0.43485,D,0.912309,0.68742,D,0.25983807,0.48697,0.09563509,0.2264,0.27174065,0.49903,0.0893245,0.20842,-2.8926177,0.10667,T,0.1139,0.22754,B,0.6199210059,0.6443,0.95330834,0.93558,0.104,0.28906,.,.,.,.,.,.,3.001129,0.40268,21.1,0.9881406965,0.46854,0.63373,0.61248,D,-0.1763339167,0.33847,1.943842,-0.0413422697,0.37571,2.223042
APP:p.Ala713Thr,A713T,0.4481,Yes,0.8082,No,1.8028,Yes,21-25891796-C-T,21-27264108-C-T,A,T,0.005,0.78666,D,0.001,0.8365,D,1,0.90584,D,1,0.97366,D,0.94,0.9938,A,simple_aae,6,94,2.67,0.77977,M,-3.25,0.65313,D,0.914,0.91621,1.1101,0.99866,D,0.9414,0.98074,D,9,0.92663085,0.91919,D,0.539788,0.95703,D,0.911,0.97621,0.8091329224,0.84555,PP,"Altered Cytoplasmic_loop (Pr = 0.13, P = 0.022)| Altered Transmembrane_region (Pr = 0.053, P = 0.00014)| Altered Signal_helix (Pr = 0.0058, P = 0.0098)| Gain of C-terminal_signal at V711 (Pr = 0.00085 , P = 0.023)| Gain of Myristoylation at G709 (Pr = 1.7e-05 , P = 0.02)",0.9945781851,0.99445,0.969150404,0.96885,1.198645566,0.8037,0.8420130014,0.88383,D,0.743417,0.92834,D,0.242668,0.77748,D,0.46938,0.93939,D,0.6399583817,0.37729,D,0.991087,0.97285,D,0.827105,0.85507,0.7375493,0.84292,0.87316364,0.88957,0.74735516,0.84878,-11.2831955,0.78805,D,0.7332,0.80781,P,0.9974720632,0.93177,0.9937216,0.97392,0.894,0.94364,.,.,.,.,.,.,4.811108,0.78334,26.9,0.9992796372,0.99223,0.927984,0.91117,D,0.7501548029,0.82823,7.882248,0.7814734051,0.88413,9.596687
APP:p.Ala713Val,A713V,0.3018,Yes,0.2201,Yes,1.0883,No,21-25891795-G-A,21-27264107-G-A,A,V,0.014,0.56618,D,0.001,0.8365,D,1,0.90584,D,0.999,0.92351,D,0.93,0.98095,D,simple_aae,7,93,2.67,0.77977,M,-3.31,0.66004,D,0.839,0.83425,1.1101,0.99866,D,0.9414,0.98074,D,10,0.9590782,0.95243,D,0.502262,0.95164,D,0.928,0.98265,0.8569476379,0.88856,PM,"Altered Cytoplasmic_loop (Pr = 0.11, P = 0.033)| Altered Transmembrane_region (Pr = 0.053, P = 0.00016)| Altered Signal_helix (Pr = 0.013, P = 0.0075)| Gain of C-terminal_signal at V711 (Pr = 0.00075 , P = 0.025)| Gain of N-terminal_signal at I716 (Pr = 0.00014 , P = 0.046)",0.9940048489,0.99386,0.966882053,0.96656,1.213542894,0.80795,0.8533571959,0.90105,D,0.698273,0.91189,D,0.413129,0.90589,D,0.541559,0.95394,D,0.7307345867,0.41951,D,0.969603,0.89098,D,0.8118933,0.84474,0.697662,0.81979,0.8299778,0.85709,0.76831144,0.86141,-11.074276,0.77487,D,0.823,0.84717,P,0.9973828357,0.93077,0.9941399,0.97481,0.893,0.94305,.,.,.,.,.,.,5.277841,0.88658,29.7,0.999092853,0.97953,0.957911,0.9773,D,0.8055157705,0.86378,8.889416,0.8392010847,0.92327,11.38716
APP:p.Thr719Asn,T719N,0.4727,Yes,4.372,Yes,9.28,Yes,21-25891777-G-T,21-27264089-G-T,T,N,0.005,0.72325,D,0.002,0.7971,D,1,0.90584,D,0.999,0.92351,D,0.87,0.97127,D,simple_aae,13,87,0,0.06502,N,-1.52,0.36967,N,0.973,0.98381,0.9285,0.96068,D,0.8378,0.94563,D,10,0.8829702,0.87475,D,0.383969,0.93024,D,0.877,0.96345,0.7534600091,0.79888,PP,"Gain of Non-cytoplasmic_loop at K724 (Pr = 0.32 , P = 0.0088)| Altered Cytoplasmic_loop (Pr = 0.22, P = 0.0036)| Altered DNA_binding (Pr = 0.18, P = 0.026)| Altered Transmembrane_region (Pr = 0.05, P = 0.00023)| Gain of GPI-anchor_amidation at T719 (Pr = 0.019 , P = 0.017)",0.9481142339,0.94714,0.9655732952,0.96524,1.313093917,0.83182,0.8928207755,0.95601,D,0.693919,0.91023,D,0.227748,0.76333,D,0.0893678,0.76025,D,0.9011054039,0.55127,D,0.957304,0.83906,D,0.8563289,0.87635,0.64954585,0.79263,0.8150249,0.84685,0.6592358,0.79807,-14.357795,0.9402,D,0.9463,0.88503,P,0.9928892831,0.89743,0.9858187,0.9616,0.938,0.97019,.,.,.,.,.,.,4.779038,0.77518,26.7,0.9915669372,0.54131,0.948827,0.96072,D,0.5720847901,0.71288,5.65068,0.682140683,0.80919,7.430954
APP:p.Leu723Pro,L723P,0.6643,Yes,5.28,Yes,7.948,Yes,21-25891765-A-G,21-27264077-A-G,L,P,0,0.91345,D,0.002,0.7971,D,1,0.90584,D,1,0.97366,D,0.99,0.9938,D,simple_aae,1,99,1.65,0.42068,L,-5.46,0.85572,D,0.994,0.99902,1.0428,0.97963,D,0.9114,0.97058,D,10,0.91930044,0.91187,D,0.608432,0.96568,D,0.939,0.98671,0.8945110084,0.92475,PM,"Loss of Non-cytoplasmic_loop at K726 (Pr = 0.3 , P = 0.024)| Altered Cytoplasmic_loop (Pr = 0.25, P = 0.0015)| Altered DNA_binding (Pr = 0.21, P = 0.016)| Altered Stability (Pr = 0.21, P = 0.012)| Loss of Pyrrolidone_carboxylic_acid at Q727 (Pr = 0.085 , P = 0.015)",0.9978534769,0.9978,0.9835961641,0.98344,1.576102096,0.8825,0.9174969792,0.98126,D,0.761757,0.93481,D,0.53347,0.95179,D,0.528516,0.95108,D,0.9979978204,0.92894,D,0.983402,0.94423,D,0.9824906,0.9928,0.97982615,0.99811,0.9809826,0.99169,0.971401,0.99516,-15.897383,0.97526,D,0.9934,0.96331,P,0.9997925933,0.98008,0.99604553,0.97947,0.996,0.99859,.,.,.,.,.,.,4.952773,0.81883,27.6,0.9992829085,0.99223,0.977792,0.99738,D,0.7730155438,0.84308,8.275342,0.7851504644,0.88681,9.697861
APP:p.Lys724Asn,K724N,0.741,Yes,2.011,Yes,2.718,Yes,21-25891761-C-A,21-27264073-C-A,K,N,0.001,0.78666,D,0.001,0.8365,D,0.977,0.60397,D,0.915,0.65087,D,0.94,0.9938,D,simple_aae,6,94,1.445,0.36205,L,-2.29,0.53601,N,0.879,0.87678,0.9906,0.97024,D,0.8923,0.96419,D,10,0.7928651,0.78596,D,0.354895,0.9235,D,0.692,0.88771,0.5507447978,0.64328,UC,"Gain of Non-cytoplasmic_loop at Y728 (Pr = 0.32 , P = 0.0088)| Altered MoRF (Pr = 0.27, P = 0.048)| Altered Cytoplasmic_loop (Pr = 0.25, P = 0.0011)| Altered DNA_binding (Pr = 0.18, P = 0.031)| Gain of Potassium_binding at Y728 (Pr = 0.13 , P = 0.026)",0.9068489854,0.90519,0.9227674667,0.92202,0.5514407814,0.5169,0.7898060679,0.8038,T,0.725862,0.92202,D,0.197636,0.73473,D,0.046114,0.73127,D,0.8432821172,0.49326,D,0.968503,0.88597,D,0.94352233,0.95534,0.79106927,0.87549,0.8910481,0.90458,0.81909615,0.89338,-11.881876,0.81949,D,0.9565,0.91177,P,0.9642962095,0.82346,0.98343754,0.9588,0.942,0.97259,.,.,.,.,.,.,4.988228,0.82733,27.8,0.9990205705,0.97356,0.830815,0.74854,D,0.5890308617,0.72345,5.813863,0.6416483949,0.7787,6.787009
APP:p.His733Pro,H733P,1.07362,No,1.453,Yes,1.351,No,21-25891735-T-G,21-27264047-T-G,H,P,0.001,0.91345,D,0.001,0.8365,D,1,0.90584,D,0.999,0.92351,D,0.79,0.91889,D,simple_aae,21,79,0.955,0.2375,L,-8.75,0.97724,D,0.882,0.89342,1.0379,0.97864,D,0.9079,0.96941,D,10,0.9266479,0.9192,D,0.537783,0.95675,D,0.944,0.9885,0.9090865456,0.93939,PM,"Loss of Zinc_binding at H732 (Pr = 0.73 , P = 0.00082)| Loss of Nickel_binding at H733 (Pr = 0.63 , P = 0.00038)| Gain of Manganese_binding at E737 (Pr = 0.24 , P = 0.01)| Gain of Allosteric_site at E737 (Pr = 0.23 , P = 0.018)| Loss of Copper_binding at H732 (Pr = 0.19 , P = 0.0016)",0.964304873,0.9636,0.9916638971,0.99159,1.544707399,0.87745,0.777371645,0.78495,T,0.766648,0.93654,D,0.515077,0.94683,D,0.502096,0.94605,D,0.999037981,0.95921,D,0.988001,0.95978,D,0.928247,0.93967,0.9263083,0.9679,0.928247,0.93968,0.9263083,0.9679,-12.737717,0.87595,D,0.8852,0.84809,P,0.9994847057,0.96736,0.9941233,0.97477,0.998,0.99926,.,.,.,.,.,.,4.774808,0.77407,26.7,0.9876925794,0.46126,0.975976,0.99647,D,0.7207993827,0.80894,7.419821,0.728995138,0.84497,8.331822
APP:p.Ile716Met,I716M,0.91,Yes,0.9,Yes,1.12,No,21-25891785-G-C,21-27264097-G-C,I,M,0.014,0.53334,D,0.094,0.41757,T,1,0.90584,D,1,0.97366,D,0.85,0.97127,D,simple_aae,15,85,0.895,0.2229,L,-2.37,0.52311,N,0.963,0.97332,0.5364,0.91016,D,0.8491,0.94957,D,10,0.84714943,0.83709,D,0.351246,0.92259,D,0.67,0.87715,0.8573533755,0.88894,PM,"Altered Transmembrane_region (Pr = 0.056, P = 0.00012)| Altered Signal_helix (Pr = 0.0015, P = 0.015)| Loss of C-terminal_signal at V711 (Pr = 0.00056 , P = 0.029)| Gain of N-terminal_signal at I716 (Pr = 0.00019 , P = 0.038)",0.8548861054,0.85233,0.9122550446,0.91142,1.230391321,0.81216,0.8189388514,0.84839,D,0.322792,0.69145,T,0.426331,0.91282,D,0.374618,0.91174,D,0.9194774628,0.57578,D,0.946905,0.80911,D,0.76386654,0.81448,0.52182764,0.72108,0.76386654,0.8145,0.52182764,0.72108,-8.311251,0.6602,D,0.3038,0.67148,B,0.995311511,0.91242,0.9884533,0.96504,0.82,0.90063,.,.,.,.,.,.,1.999197,0.25546,16.75,0.9960694898,0.74643,0.621529,0.60478,D,-0.2408697748,0.31193,1.764893,-0.3267134706,0.26923,1.510076
APP:p.Leu723Arg,L723R,0.54,Yes,1.71,Yes,3.17,Yes,21-25891765-A-C,21-27264077-A-C,L,R,0.052,0.58786,T,0.034,0.53083,D,1,0.90584,D,1,0.97366,D,0.98,0.9938,D,simple_aae,2,98,1.1,0.27866,L,-4.05,0.75884,D,0.992,0.99826,0.8893,0.95512,D,0.8699,0.95666,D,10,0.8968541,0.88916,D,0.464777,0.94568,D,0.962,0.99434,0.8604042628,0.8918,PM,"Gain of Non-cytoplasmic_loop at L720 (Pr = 0.32 , P = 0.0085)| Altered DNA_binding (Pr = 0.3, P = 0.0015)| Altered Cytoplasmic_loop (Pr = 0.24, P = 0.0017)| Altered Stability (Pr = 0.17, P = 0.017)| Loss of Potassium_binding at Q727 (Pr = 0.097 , P = 0.049)",0.9949084179,0.99478,0.9836372293,0.98348,1.487358375,0.86759,0.9108380079,0.97547,D,0.713417,0.91752,D,0.508644,0.94497,D,0.492856,0.94416,D,0.9951062202,0.8673,D,0.988876,0.96244,D,0.8626301,0.88119,0.7878948,0.8735,0.8982186,0.91093,0.7767923,0.86661,-12.621041,0.86146,D,0.8959,0.84594,P,0.9995130037,0.96835,0.99420255,0.97494,0.951,0.9779,.,.,.,.,.,.,4.730937,0.76282,26.5,0.9980881337,0.89288,0.952719,0.96829,D,0.6102437738,0.73682,6.029318,0.6712012775,0.80089,7.245897