Variant,Mutation,Aβ40 (relative to WT),Significant?,Aβ42 (relative to WT),Significant?,Aβ42/40,Significant?,variant_id_hg38,variant_id_hg19,aaref,aaalt,SIFT_score,SIFT_converted_rankscore,SIFT_pred,SIFT4G_score,SIFT4G_converted_rankscore,SIFT4G_pred,Polyphen2_HDIV_score,Polyphen2_HDIV_rankscore,Polyphen2_HDIV_pred,Polyphen2_HVAR_score,Polyphen2_HVAR_rankscore,Polyphen2_HVAR_pred,MutationTaster_score,MutationTaster_rankscore,MutationTaster_pred,MutationTaster_model,MutationTaster_trees_benign,MutationTaster_trees_deleterious,MutationAssessor_score,MutationAssessor_rankscore,MutationAssessor_pred,PROVEAN_score,PROVEAN_converted_rankscore,PROVEAN_pred,VEST4_score,VEST4_rankscore,MetaSVM_score,MetaSVM_rankscore,MetaSVM_pred,MetaLR_score,MetaLR_rankscore,MetaLR_pred,Reliability_index,MetaRNN_score,MetaRNN_rankscore,MetaRNN_pred,M-CAP_score,M-CAP_rankscore,M-CAP_pred,REVEL_score,REVEL_rankscore,MutPred2_score,MutPred2_rankscore,MutPred2_pred,MutPred2_top5_mechanisms,MVP_score,MVP_rankscore,gMVP_score,gMVP_rankscore,MPC_score,MPC_rankscore,PrimateAI_score,PrimateAI_rankscore,PrimateAI_pred,DEOGEN2_score,DEOGEN2_rankscore,DEOGEN2_pred,BayesDel_addAF_score,BayesDel_addAF_rankscore,BayesDel_addAF_pred,BayesDel_noAF_score,BayesDel_noAF_rankscore,BayesDel_noAF_pred,ClinPred_score,ClinPred_rankscore,ClinPred_pred,LIST-S2_score,LIST-S2_rankscore,LIST-S2_pred,VARITY_R_score,VARITY_R_rankscore,VARITY_ER_score,VARITY_ER_rankscore,VARITY_R_LOO_score,VARITY_R_LOO_rankscore,VARITY_ER_LOO_score,VARITY_ER_LOO_rankscore,ESM1b_score,ESM1b_converted_rankscore,ESM1b_pred,AlphaMissense_score,AlphaMissense_rankscore,AlphaMissense_pred,PHACTboost_score,PHACTboost_rankscore,MutFormer_score,MutFormer_rankscore,MutScore_score,MutScore_rankscore,Aloft_Fraction_transcripts_affected,Aloft_prob_Tolerant,Aloft_prob_Recessive,Aloft_prob_Dominant,Aloft_pred,Aloft_Confidence,CADD_raw,CADD_raw_rankscore,CADD_phred,DANN_score,DANN_rankscore,fathmm-XF_coding_score,fathmm-XF_coding_rankscore,fathmm-XF_coding_pred,Eigen-raw_coding,Eigen-raw_coding_rankscore,Eigen-phred_coding,Eigen-PC-raw_coding,Eigen-PC-raw_coding_rankscore,Eigen-PC-phred_coding
PSEN1:p.Arg35Gln,R35Q,0.8972,No,1.1254,No,1.1399,No,14-73170813-G-A,14-73637521-G-A,R,Q,0.613,0.3812,T,0.598,0.9297,T,0,0.19421,B,0,0.13705,B,0.13,0.37861,N,simple_aae,87,13,1.385,0.3436,L,-0.24,0.63233,N,0.328,0.39004,0.8065,0.94473,D,0.8877,0.96265,D,10,0.12319812,0.23097,T,0.34223,0.92031,D,0.535,0.80384,0.06771271838,0.1028,BM,"Loss of Carboxylation at E34 (Pr = 0.00013 , P = 0.017)",0.9193888812,0.91795,0.4439817867,0.44109,0.6050236095,0.55123,0.3819617033,0.22509,T,0.321558,0.69032,T,-0.0523415,0.43748,T,0.0319768,0.722,D,0.01724385411,0.00464,T,.,0.54369,.,0.018119197,0.00333,0.02861955,0.01122,0.021091176,0.00691,0.024421409,0.00466,-3.2652984,0.14758,T,0.0676,0.15901,B,0.08802196331,0.42165,0.99849474,0.9881,0.035,0.07875,.,.,.,.,.,.,3.26894,0.44904,22,0.9113638975,0.20751,0.361677,0.44935,N,-0.6839286444,0.16279,0.8399806,-0.5002559524,0.21837,1.201499
PSEN1:p.Glu69Asp,E69D,1.6397,Yes,2.406,Yes,1.3462,No,14-73170916-A-T,14-73637624-A-T,E,D,0.517,0.178,T,0.161,0.32059,T,0.032,0.22674,B,0.012,0.20793,B,0.51,0.70395,D,simple_aae,49,51,1.7,0.43659,L,-1.34,0.33775,N,0.332,0.37055,0.3263,0.87923,D,0.8798,0.96001,D,10,0.1435495,0.26919,T,0.393327,0.93226,D,0.522,0.79598,0.2022700803,0.32421,BP,"Loss of B-factor at E69 (Pr = 0.25 , P = 0.05)| Loss of Carboxylation at E64 (Pr = 0.00022 , P = 0.0082)",0.8613320207,0.85888,0.5189834812,0.51622,0.4858009277,0.47168,0.5824820995,0.50369,T,0.425937,0.77386,T,0.16742,0.7067,D,0.00271111,0.70293,D,0.1124430813,0.13502,T,.,0.50797,.,0.15074387,0.34007,0.11301965,0.27201,0.15074387,0.34006,0.11301965,0.272,-4.798934,0.34428,T,0.0721,0.15046,B,0.02420383717,0.31017,0.99881995,0.98981,0.342,0.60311,.,.,.,.,.,.,1.799502,0.23017,15.8,0.9635681312,0.29845,0.29991,0.40688,N,-0.8693087779,0.1144,0.5594854,-0.7357567739,0.15808,0.8485555
PSEN1:p.Ala79Val,A79V,0.92647,No,1.9208,Yes,1.9063,Yes,14-73170945-C-T,14-73637653-C-T,A,V,0.011,0.91345,D,0.02,0.9297,D,1,0.90584,D,0.999,0.92351,D,1,0.9938,A,simple_aae,0,100,2.61,0.76156,M,-3.63,0.74083,D,0.804,0.94324,1.0112,0.97372,D,0.9895,0.99707,D,10,0.91670406,0.90927,D,0.683883,0.97381,D,0.958,0.99315,0.7035251016,0.75923,UC,"Gain of Strand (Pr = 0.29 , P = 0.0053)| Loss of Helix (Pr = 0.28 , P = 0.018)| Altered Cytoplasmic_loop (Pr = 0.093, P = 0.049)| Altered Signal_helix (Pr = 0.00015, P = 0.041)",0.9863565129,0.98606,0.8653774656,0.86416,1.455127737,0.86172,0.7682156563,0.77119,T,0.975089,0.99753,D,0.519814,0.94851,D,0.572546,0.96222,D,0.9618988037,0.65995,D,.,0.99865,.,0.75975263,0.81202,0.4547429,0.6803,0.7549955,0.80923,0.5924258,0.76093,-14.626438,0.939,D,0.9862,0.96926,P,0.9997756852,0.97902,0.99989641,0.99879,0.983,0.99413,.,.,.,.,.,.,4.648394,0.74155,26.1,0.9991273919,0.98171,0.928313,0.91201,D,0.8374916252,0.88323,9.558504,0.7668646463,0.87344,9.212799
PSEN1:p.Met84Val,M84V,0.7871,No,1.6763,Yes,1.9532,Yes,14-73170959-A-G,14-73637667-A-G,M,V,0.072,0.91345,T,0.26,0.72536,T,0.988,0.68799,D,0.983,0.78943,D,1,0.9938,D,simple_aae,0,100,2.935,0.8448,M,-2.61,0.63581,D,0.937,0.97658,1.0599,0.98334,D,0.9828,0.99473,D,10,0.90502167,0.89751,D,0.633356,0.96851,D,0.923,0.98076,0.7028878108,0.75874,UC,"Gain of Strand (Pr = 0.28 , P = 0.0086)| Loss of Helix (Pr = 0.27 , P = 0.045)| Altered Transmembrane_region (Pr = 0.0017, P = 0.044)| Altered Signal_helix (Pr = 0.0005, P = 0.023)",0.9942054313,0.99406,0.8908029954,0.88978,1.436134369,0.85828,0.8369870186,0.87615,D,0.967347,0.99617,D,0.573809,0.96644,D,0.58646,0.96588,D,0.98056674,0.73242,D,.,0.98821,.,0.48310277,0.65767,0.33056855,0.58685,0.48483616,0.65872,0.31802174,0.57537,-12.035145,0.8814,D,0.6665,0.8828,P,0.9947208845,0.90833,0.99978942,0.99726,0.933,0.96717,.,.,.,.,.,.,4.198947,0.63464,24.6,0.9946716328,0.66249,0.952692,0.96826,D,0.8061329455,0.86416,8.9017,0.7663641472,0.87304,9.200018
PSEN1:p.Val97Met,V97M,0.15,Yes,0.36,Yes,2.35,Yes,14-73170998-G-A,14-73637706-G-A,V,M,0.001,0.91345,D,0.002,0.9297,D,1,0.90584,D,0.999,0.97366,D,0.97,0.96289,D,simple_aae,3,97,3.545,0.93122,H,-2.76,0.62371,D,0.905,0.93024,0.9754,0.96776,D,0.9918,0.99795,D,10,0.94311106,0.93563,D,0.712995,0.97664,D,0.947,0.98955,0.7553121138,0.80038,PP,"Altered Cytoplasmic_loop (Pr = 0.12, P = 0.028)| Altered Transmembrane_region (Pr = 0.0062, P = 0.022)| Altered Signal_helix (Pr = 0.0015, P = 0.016)| Gain of Palmitoylation at C92 (Pr = 6.4e-05 , P = 0.035)",0.9814745364,0.98108,0.8843120183,0.88324,1.46205251,0.86304,0.8155485392,0.84318,D,0.991109,0.99964,D,0.589344,0.97326,D,0.608775,0.97284,D,0.9933226705,0.83952,D,.,0.99176,.,0.86441433,0.88258,0.6440396,0.78955,0.86441433,0.8826,0.6440396,0.78956,-9.785725,0.71182,D,0.7917,0.92851,P,0.9942341898,0.90519,0.99990404,0.99879,0.994,0.99793,.,.,.,.,.,.,5.058206,0.84343,28.3,0.999004761,0.97281,0.941647,0.94501,D,1.022791564,0.96383,14.65266,0.9385395595,0.97027,15.50697
PSEN1:p.Thr99Ala,T99A,1.1327,No,2.24,Yes,1.822,Yes,14-73171004-A-G,14-73637712-A-G,T,A,0.002,0.91345,D,0.222,0.9297,T,0.999,0.90584,D,0.997,0.88582,D,1,0.9938,D,simple_aae,0,100,2.265,0.64253,M,-4.48,0.80976,D,0.894,0.91505,1.0611,0.98363,D,0.9832,0.99486,D,10,0.91435647,0.90857,D,0.512968,0.95323,D,0.957,0.99285,0.7934506413,0.8321,PP,"Loss of Strand (Pr = 0.27 , P = 0.028)| Altered Cytoplasmic_loop (Pr = 0.21, P = 0.0038)| Altered Stability (Pr = 0.19, P = 0.014)| Altered Transmembrane_region (Pr = 0.0032, P = 0.033)| Altered Signal_helix (Pr = 0.0015, P = 0.016)",0.994659241,0.99453,0.8621263034,0.86089,1.433000713,0.85774,0.7281236649,0.71184,T,0.973545,0.99727,D,0.5612,0.96223,D,0.568348,0.96164,D,0.9973146319,0.9119,D,.,0.9593,.,0.8084447,0.84243,0.6738139,0.80626,0.75162154,0.80724,0.6676516,0.8028,-11.884584,0.82914,D,0.5934,0.87534,P,0.9939056827,0.90318,0.99989069,0.99864,0.801,0.88995,.,.,.,.,.,.,4.339645,0.66683,25,0.9982178266,0.90436,0.937738,0.93569,D,0.7455967129,0.82524,7.807201,0.7256443876,0.8424,8.260839
PSEN1:p.Arg108Gln,R108Q,1.6803,Yes,2.59,Yes,1.4323,No,14-73171032-G-A,14-73637740-G-A,R,Q,0.55,0.29036,T,0.687,0.19443,T,0.14,0.41569,B,0.048,0.30249,B,0.29,0.53912,N,simple_aae,71,29,-0.295,0.03652,N,0.59,0.06337,N,0.227,0.30923,0.9317,0.96114,D,0.8597,0.9532,D,10,0.29924726,0.47087,D,0.217243,0.8757,D,0.559,0.81796,0.3807729416,0.50772,BP,"Loss of Strand (Pr = 0.26 , P = 0.035)| Altered Cytoplasmic_loop (Pr = 0.24, P = 0.0017)| Loss of ADP_ribosylation at R108 (Pr = 0.24 , P = 0.016)",0.8610359481,0.85858,0.531364371,0.52863,0.6806258313,0.59738,0.5396268368,0.44329,T,0.622391,0.88047,D,0.136652,0.67772,D,0.0553687,0.73741,D,0.7574121952,0.43411,D,.,0.76663,.,0.3365366,0.55662,0.17136432,0.39174,0.2558078,0.48277,0.19449012,0.42912,-0.29641533,0.40377,T,0.0571,0.15,B,0.6759930689,0.6622,0.9989831,0.99073,0.618,0.78669,.,.,.,.,.,.,4.483443,0.70069,25.5,0.9942876916,0.64232,0.877761,0.80187,D,-0.08457709389,0.37801,2.224042,0.1545669987,0.4712,2.969472
PSEN1:p.Phe118Val,F118V,0.66,Yes,0.97,No,1.49,Yes,14-73173579-T-G,14-73640287-T-G,F,V,0.001,0.91345,D,0.076,0.9297,T,1,0.90584,D,0.999,0.92351,D,0.95,0.94846,D,simple_aae,5,95,3.045,0.86536,M,-6.5,0.91933,D,0.855,0.85413,1.0006,0.9719,D,0.9882,0.99658,D,10,0.9729544,0.96921,D,0.91599,0.99376,D,0.983,0.99904,0.8706249236,0.90146,PM,"Altered Cytoplasmic_loop (Pr = 0.16, P = 0.012)| Altered Non_transmembrane (Pr = 0.1, P = 0.035)| Loss of Sulfation at Y115 (Pr = 0.025 , P = 0.022)| Loss of Calcium_binding at D121 (Pr = 0.0019 , P = 0.023)| Altered Signal_cleavage (Pr = 0.00027, P = 0.05)",0.992237692,0.99205,0.9863824713,0.98626,1.67469255,0.89862,0.8814889193,0.94152,D,0.977883,0.99799,D,0.569781,0.96571,D,0.580674,0.96514,D,0.9959317545,0.8825,D,.,0.99386,.,0.87434083,0.89051,0.74392605,0.84672,0.87434083,0.89052,0.74392605,0.84673,-12.655511,0.88725,D,0.9602,0.93806,P,0.9999154649,0.98805,0.99991024,0.99894,0.996,0.99859,.,.,.,.,.,.,4.604977,0.73064,25.9,0.9923216632,0.5638,0.962764,0.9844,D,0.805069993,0.86351,8.880475,0.7358250652,0.85013,8.479298
PSEN1:p.Glu123Lys,E123K,0.61,Yes,0.55,Yes,0.91,No,14-73173594-G-A,14-73640302-G-A,E,K,0.222,0.26106,T,0.541,0.18643,T,0.486,0.51484,P,0.102,0.41468,B,0.99,0.98095,D,simple_aae,1,99,1.935,0.51658,L,-1.09,0.35176,N,0.786,0.88784,1.1272,0.9992,D,0.9466,0.98253,D,10,0.84163,0.8314,D,0.447819,0.94277,D,0.737,0.90815,0.5295099311,0.62718,UC,"Gain of Strand (Pr = 0.26 , P = 0.042)| Gain of Ubiquitylation at E123 (Pr = 0.16 , P = 0.04)| Altered Cytoplasmic_loop (Pr = 0.14, P = 0.018)| Loss of Calcium_binding at D121 (Pr = 0.0019 , P = 0.023)| Altered Signal_cleavage (Pr = 0.00037, P = 0.036)",0.956861596,0.95602,0.7849342569,0.78318,1.145594215,0.7895,0.8109182119,0.83605,D,0.841459,0.9627,D,0.299959,0.8284,D,0.362222,0.90721,D,0.7848345041,0.45067,D,.,0.68886,.,0.25176173,0.47847,0.20543371,0.44541,0.24099565,0.46671,0.16117701,0.37375,-9.579733,0.70144,D,0.0972,0.5547,B,0.8996529054,0.76025,0.99954462,0.9947,0.899,0.94663,.,.,.,.,.,.,4.268995,0.6505,24.8,0.9967512556,0.78901,0.946794,0.95648,D,0.2606166992,0.53937,3.582892,0.3613081911,0.58976,4.095019
PSEN1:p.His131Arg,H131R,2.01,Yes,4.326,Yes,1.9457,Yes,14-73173619-A-G,14-73640327-A-G,H,R,0.042,0.68402,D,0.286,0.70898,T,0.408,0.35602,B,0.258,0.39352,B,0.98,0.97127,D,simple_aae,2,98,0.895,0.2229,L,-1.14,0.42194,N,0.643,0.84673,1.0947,0.99434,D,0.9366,0.9791,D,10,0.75974804,0.7602,D,0.698881,0.97528,D,0.705,0.89377,0.6355539864,0.70717,UC,"Altered Cytoplasmic_loop (Pr = 0.31, P = 8.3e-05)| Gain of ADP_ribosylation at H131 (Pr = 0.2 , P = 0.036)| Loss of GPI-anchor_amidation at N135 (Pr = 0.07 , P = 0.0027)| Altered Transmembrane_region (Pr = 0.02, P = 0.0051)| Gain of C-terminal_signal at S132 (Pr = 0.0017 , P = 0.015)",0.9950586507,0.99493,0.9109364405,0.91009,0.9041176056,0.70588,0.7514395714,0.74616,T,0.817342,0.95451,D,0.494387,0.94085,D,0.472376,0.94008,D,0.8334397674,0.48525,D,.,0.60663,.,0.23692186,0.46211,0.13597669,0.32442,0.23785605,0.46317,0.14799133,0.34885,-13.371496,0.90451,D,0.2599,0.71693,B,0.4347698814,0.58774,0.99966419,0.99581,0.847,0.91604,.,.,.,.,.,.,4.050251,0.60167,24.2,0.9889785527,0.48301,0.947871,0.95875,D,0.1878930716,0.50378,3.250039,0.3253429746,0.56809,3.867845
PSEN1:p.Met146Val,M146V,0.6486,Yes,2.935,Yes,4.157,Yes,14-73173663-A-G,14-73640371-A-G,M,V,0.012,0.91345,D,0.235,0.9297,T,0.988,0.64754,D,0.985,0.76461,D,1,0.9938,A,simple_aae,0,100,1.875,0.49738,L,-3.74,0.71558,D,0.901,0.95504,1.0764,0.98768,D,0.9766,0.99271,D,10,0.9533881,0.94624,D,0.801504,0.98444,D,0.96,0.99376,0.7717871394,0.8139,PP,"Altered Transmembrane_region (Pr = 0.04, P = 0.00059)| Altered Signal_helix (Pr = 0.00028, P = 0.029)",0.9952424199,0.99512,0.9473379668,0.94682,1.436134369,0.85828,0.7858618498,0.79779,T,0.966841,0.99607,D,0.531752,0.95151,D,0.526049,0.95079,D,0.9865221381,0.77055,D,.,0.96497,.,0.8280403,0.85573,0.69612616,0.81891,0.82332397,0.85249,0.72501653,0.83557,-10.903893,0.7651,D,0.6394,0.83641,P,0.9991043533,0.95712,0.9998944,0.99864,0.946,0.97496,.,.,.,.,.,.,3.99133,0.5888,24,0.9947784464,0.6678,0.906301,0.85839,D,0.6296914258,0.74927,6.239794,0.6110905115,0.75611,6.364988
PSEN1:p.Tyr154Cys,Y154C,0.42,Yes,0.85,Yes,2.05,Yes,14-73173688-A-G,14-73640396-A-G,Y,C,0,0.91345,D,0,0.9297,D,1,0.90584,D,0.999,0.92351,D,1,0.9938,D,simple_aae,0,100,3.59,0.93552,H,-8.46,0.97359,D,0.945,0.98381,0.9668,0.96641,D,0.9911,0.99769,D,10,0.9723806,0.96845,D,0.824477,0.98634,D,0.979,0.9984,0.9441509765,0.97503,PS,"Altered PPI_hotspot (Pr = 0.32, P = 0.0034)| Altered Cytoplasmic_loop (Pr = 0.26, P = 0.00075)| Altered Transmembrane_region (Pr = 0.017, P = 0.0067)| Gain of Palmitoylation at C158 (Pr = 7.3e-05 , P = 0.031)",0.9923180486,0.99213,0.9694813495,0.96919,1.640883806,0.89324,0.8291881084,0.86416,D,0.992835,0.99977,D,0.583806,0.9704,D,0.60082,0.96992,D,0.9990654588,0.96022,D,.,0.96999,.,0.874202,0.8904,0.7451671,0.84746,0.8042988,0.83973,0.7239952,0.83497,-11.935874,0.82234,D,0.9924,0.94403,P,0.9999576415,0.99183,0.99992073,0.99909,0.986,0.99524,.,.,.,.,.,.,4.873951,0.79939,27.2,0.9976951144,0.85783,0.940927,0.94334,D,0.9169679299,0.92526,11.49711,0.8085308606,0.9033,10.38099
PSEN1:p.Tyr154Ser,Y154S,0.67,Yes,2.44,Yes,3.64,Yes,14-73173688-A-C,14-73640396-A-C,Y,S,0,0.91345,D,0.01,0.7446,D,1,0.90584,D,0.999,0.92351,D,0.97,0.98095,D,simple_aae,3,97,2.9,0.83741,M,-8.46,0.97376,D,0.942,0.97658,0.9822,0.96886,D,0.9899,0.99723,D,10,0.9569036,0.95003,D,0.864826,0.98961,D,0.96,0.99376,0.9424997715,0.9734,PS,"Altered PPI_hotspot (Pr = 0.33, P = 0.0032)| Altered Cytoplasmic_loop (Pr = 0.27, P = 0.00094)| Altered Transmembrane_region (Pr = 0.017, P = 0.0071)| Gain of Palmitoylation at C158 (Pr = 9.6e-05 , P = 0.023)",0.9914277965,0.99122,0.9715180029,0.97124,1.747580988,0.90919,0.7916219831,0.80656,T,0.981721,0.99859,D,0.568069,0.96541,D,0.578216,0.96483,D,0.9977344275,0.92222,D,.,0.93534,.,0.9330077,0.94452,0.8726036,0.92947,0.9330077,0.94452,0.8726036,0.92947,-14.198667,0.92174,D,0.9945,0.95275,P,0.999923074,0.98892,0.9999281,0.99924,0.983,0.99413,.,.,.,.,.,.,4.794082,0.77907,26.8,0.9881419678,0.46854,0.925411,0.90457,D,0.8797476457,0.90682,10.53987,0.7847407735,0.8865,9.686405
PSEN1:p.His163Pro,H163P,0.12,Yes,0.3,Yes,2.48,No,14-73186860-A-C,14-73653568-A-C,H,P,0.003,0.68402,D,0.028,0.55287,D,0.988,0.62344,D,0.88,0.6251,P,0.99,0.9938,D,simple_aae,1,99,3.025,0.86189,M,-8.41,0.97293,D,0.955,0.98575,1.0594,0.98322,D,0.983,0.9948,D,10,0.9493129,0.94197,D,0.891046,0.99172,D,0.934,0.98488,0.8293937312,0.86341,PM,"Loss of Helix (Pr = 0.28 , P = 0.033)| Gain of Strand (Pr = 0.27 , P = 0.032)| Altered PPI_hotspot (Pr = 0.24, P = 0.041)| Altered Cytoplasmic_loop (Pr = 0.16, P = 0.013)| Altered Transmembrane_region (Pr = 0.0057, P = 0.023)",0.9948856937,0.99476,0.9769124338,0.97669,1.732330923,0.90714,0.780556798,0.78975,T,0.987649,0.99932,D,0.562705,0.96255,D,0.570511,0.96195,D,0.9983836412,0.93948,D,.,0.89331,.,0.91584617,0.92735,0.83988476,0.90704,0.93656504,0.94817,0.8399723,0.9071,-14.789925,0.94071,D,0.8744,0.84423,P,0.9978156306,0.93583,0.99988997,0.99864,0.974,0.99029,.,.,.,.,.,.,4.071393,0.60628,24.2,0.9839533979,0.41227,0.956945,0.97573,D,0.6760348996,0.77946,6.796514,0.6121281563,0.75687,6.378609
PSEN1:p.Ile168Thr,I168T,1.1787,No,0.7238,No,0.5886,No,14-73186875-T-C,14-73653583-T-C,I,T,0.011,0.57641,D,0.112,0.37381,T,0.076,0.24272,B,0.16,0.34756,B,0.88,0.93005,D,simple_aae,12,88,1.9,0.50395,L,-2.61,0.60221,D,0.701,0.70383,1.0662,0.98488,D,0.9591,0.98677,D,10,0.8515341,0.84163,D,0.675999,0.97302,D,0.873,0.96198,0.5170388248,0.61767,UC,"Altered Cytoplasmic_loop (Pr = 0.29, P = 0.00028)| Altered PPI_hotspot (Pr = 0.24, P = 0.04)| Altered Transmembrane_region (Pr = 0.016, P = 0.0077)| Altered Signal_helix (Pr = 0.00017, P = 0.038)",0.9244076109,0.92305,0.8165217325,0.81496,0.7070677385,0.61216,0.5446213484,0.45034,T,0.96764,0.99622,D,0.262239,0.79584,D,0.138912,0.7932,D,0.9545949101,0.6408,D,.,0.50747,.,0.33296502,0.55371,0.2363574,0.4871,0.46802413,0.64845,0.22508383,0.47254,-6.4755154,0.56401,T,0.1955,0.51765,B,0.9590309758,0.81586,0.99946457,0.99403,0.873,0.93119,.,.,.,.,.,.,4.082677,0.60878,24.3,0.9936706684,0.61395,0.853705,0.76983,D,0.1255544936,0.47408,2.988384,0.2911033655,0.54786,3.665463
PSEN1:p.Leu174Arg,L174R,0.01,Yes,0.07,Yes,15.03,Yes,14-73186893-T-G,14-73653601-T-G,L,R,0,0.91345,D,0.001,0.8365,D,0.999,0.90584,D,0.98,0.83179,D,1,0.9938,D,simple_aae,0,100,3.61,0.93741,H,-5.55,0.86718,D,0.982,0.99902,0.9572,0.96493,D,0.9945,0.99874,D,10,0.9742075,0.97091,D,0.930208,0.99493,D,0.966,0.99545,0.9642445086,0.99239,PS,"Altered Cytoplasmic_loop (Pr = 0.41, P = 0)| Altered PPI_hotspot (Pr = 0.24, P = 0.041)| Altered Transmembrane_region (Pr = 0.018, P = 0.0061)| Altered Signal_helix (Pr = 0.00017, P = 0.038)",0.9937337646,0.99358,0.9963809997,0.99636,1.765822543,0.91147,0.8405479193,0.88159,D,0.99388,0.99983,D,0.581283,0.96986,D,0.597197,0.96936,D,0.998198092,0.93425,D,.,0.95127,.,0.9499876,0.96202,0.8689179,0.92689,0.9519407,0.96404,0.871652,0.92881,-18.445412,0.99527,D,0.993,0.95927,P,0.999938401,0.98982,0.9999248,0.99909,0.959,0.98248,.,.,.,.,.,.,4.659747,0.74457,26.1,0.9974998439,0.8419,0.896248,0.83651,D,0.7860407694,0.85144,8.512932,0.677499373,0.80568,7.351555
PSEN1:p.Phe175Ser,F175S,0.9995139,No,0.95437,No,0.91525,No,14-73186896-T-C,14-73653604-T-C,F,S,0.098,0.3094,T,0.226,0.27451,T,0.998,0.73236,D,0.928,0.66274,D,1,0.9938,D,simple_aae,0,100,1.89,0.49971,L,-6.74,0.92923,D,0.95,0.9755,1.0612,0.98365,D,0.9838,0.99506,D,10,0.93729126,0.92979,D,0.722345,0.97752,D,0.876,0.96308,0.9153225396,0.94573,PM,"Altered Cytoplasmic_loop (Pr = 0.45, P = 0)| Altered Stability (Pr = 0.095, P = 0.044)| Altered Transmembrane_region (Pr = 0.015, P = 0.0082)| Altered Signal_helix (Pr = 0.00017, P = 0.038)",0.9860166642,0.9857,0.9671251393,0.96681,1.895469679,0.9273,0.817434907,0.84609,D,0.973082,0.99719,D,0.511552,0.94584,D,0.497033,0.94504,D,0.9777517915,0.71803,D,.,0.87472,.,0.8220525,0.8516,0.6457326,0.7905,0.7621264,0.81346,0.6677753,0.80287,-8.77993,0.71917,D,0.5143,0.71079,A,0.9919864903,0.89286,0.99987149,0.99835,0.958,0.98192,.,.,.,.,.,.,3.87582,0.56443,23.7,0.9977927268,0.86638,0.901158,0.84696,D,0.5331034287,0.68899,5.303639,0.5649010015,0.7229,5.810223
PSEN1:p.Phe176Val,F176V,0.63,Yes,0.82,No,1.29,Yes,14-73186898-T-G,14-73653606-T-G,F,V,0.114,0.29036,T,0.382,0.16461,T,0.001,0.07483,B,0.006,0.1213,B,0.56,0.81307,D,simple_aae,44,56,0.82,0.20748,L,-0.68,0.20296,N,0.546,0.57126,0.8138,0.94563,D,0.9035,0.96793,D,10,0.54572904,0.63661,D,0.534364,0.95628,D,0.57,0.82427,0.5863980576,0.67017,UC,"Altered Cytoplasmic_loop (Pr = 0.3, P = 0.00015)| Altered Transmembrane_region (Pr = 0.02, P = 0.0052)| Altered Signal_helix (Pr = 0.00017, P = 0.038)",0.9547642237,0.95389,0.9104438506,0.90959,0.6982217934,0.60693,0.6935156584,0.66156,T,0.684845,0.90674,D,0.224252,0.75999,D,0.0843464,0.75688,D,0.3505871594,0.26743,T,.,0.50411,.,0.40239394,0.60564,0.13752829,0.32768,0.40239394,0.60565,0.13752829,0.32767,-11.793524,0.8371,D,0.1393,0.5168,B,0.7699736735,0.69557,0.99914169,0.99172,0.592,0.77139,.,.,.,.,.,.,3.329219,0.45989,22.2,0.9478895501,0.25869,0.41815,0.48414,N,-0.583367051,0.19216,1.018049,-0.4003775693,0.24671,1.371437
PSEN1:p.Phe176Leu,F176L,1.1766,No,1.3173,No,1.06377,No,14-73186900-T-A,14-73653608-T-A,F,L,1,0.00968,T,1,0.01173,T,0,0.02951,B,0.004,0.10087,B,0.66,0.84032,D,simple_aae,34,66,0.5,0.1332,N,1.01,0.01374,N,0.438,0.48255,0.5895,0.9173,D,0.849,0.94953,D,10,0.33838665,0.50565,D,0.317509,0.91356,D,0.568,0.82314,0.5071100064,0.61005,UC,"Altered Cytoplasmic_loop (Pr = 0.29, P = 0.00022)| Altered Transmembrane_region (Pr = 0.016, P = 0.008)| Altered Signal_helix (Pr = 0.00024, P = 0.032)",0.9881803034,0.98792,0.8750032121,0.87386,0.6179093449,0.55921,0.7435384989,0.73448,T,0.627226,0.88261,D,0.280583,0.81228,D,0.165261,0.80987,D,0.2038362324,0.20372,T,.,0.46301,.,0.32944685,0.55084,0.14028166,0.33337,0.27710915,0.50428,0.10313177,0.24677,-6.509185,0.57942,T,0.5183,0.73987,A,0.9139555205,0.77064,0.99913138,0.99166,0.432,0.66904,.,.,.,.,.,.,1.415418,0.18443,13.67,0.8035686013,0.13471,0.322934,0.42336,N,-0.669465414,0.16689,0.864826,-0.4441062676,0.23404,1.294819
PSEN1:p.Ile180Leu,I180L,0.51,Yes,0.55,Yes,1.08,No,14-73186910-A-C,14-73653618-A-C,I,L,0.621,0.06733,T,0.724,0.068,T,0.083,0.24753,B,0.078,0.2863,B,0.85,0.89253,D,simple_aae,15,85,0.965,0.23853,L,-0.45,0.16528,N,0.524,0.5583,1.1022,0.99746,D,0.9296,0.97671,D,10,0.5091315,0.6167,D,0.507511,0.95242,D,0.623,0.85336,0.3669959874,0.49572,BP,"Altered Cytoplasmic_loop (Pr = 0.25, P = 0.0012)| Altered Transmembrane_region (Pr = 0.019, P = 0.0056)| Altered Signal_helix (Pr = 0.00022, P = 0.033)",0.8260288597,0.82298,0.7744571713,0.77264,0.5416710016,0.51014,0.6936404705,0.66174,T,0.636981,0.88688,D,0.222286,0.75813,D,0.0815213,0.75498,D,0.8426148891,0.4927,D,.,0.83356,.,0.47131777,0.65048,0.20167568,0.43992,0.47131777,0.65049,0.20167568,0.43991,-6.32705,0.48365,T,0.0903,0.20425,B,0.8784597468,0.74675,0.99881184,0.98976,0.633,0.7954,.,.,.,.,.,.,3.17101,0.43168,21.6,0.9587959997,0.28392,0.779671,0.71074,D,-0.05830314142,0.38965,2.310273,0.1382078748,0.46252,2.896705
PSEN1:p.Val191Ala,V191A,0.7086,No,0.5331,Yes,0.7175,No,14-73192667-T-C,14-73659375-T-C,V,A,0.139,0.27794,T,0.137,0.3423,T,0.749,0.43249,P,0.422,0.45144,B,0.57,0.87184,D,simple_aae,43,57,1.94,0.52042,M,-3.54,0.69036,D,0.719,0.72168,1.1172,0.99898,D,0.9534,0.98484,D,10,0.8204547,0.81056,D,0.389082,0.93135,D,0.803,0.93561,0.7068308023,0.76182,UC,"Gain of Helix (Pr = 0.28 , P = 0.022)| Altered Cytoplasmic_loop (Pr = 0.27, P = 0.00078)| Altered PPI_hotspot (Pr = 0.24, P = 0.041)| Altered Stability (Pr = 0.092, P = 0.046)| Gain of Sulfation at Y195 (Pr = 0.046 , P = 0.0088)",0.9206827624,0.91926,0.9234345907,0.9227,0.9025247855,0.70507,0.6232097149,0.56117,T,0.961063,0.99496,D,0.360115,0.87173,D,0.279504,0.87007,D,0.8449080586,0.49461,D,.,0.61003,.,0.4056543,0.60788,0.46272907,0.6854,0.4056543,0.60789,0.46272907,0.6854,-7.767951,0.57403,D,0.2123,0.52636,B,0.781578207,0.70019,0.99964094,0.99561,0.65,0.80521,.,.,.,.,.,.,4.112382,0.61534,24.3,0.9956512441,0.7209,0.917336,0.88439,D,0.2788216806,0.54851,3.672002,0.4175803343,0.62459,4.485174
PSEN1:p.Leu219Arg,L219R,1.43,Yes,1.44,Yes,1.01,No,14-73192751-T-G,14-73659459-T-G,L,R,0,0.91345,D,0.001,0.8365,D,1,0.90584,D,1,0.97366,D,1,0.9938,D,simple_aae,0,100,2.78,0.80947,M,-5.67,0.87562,D,0.986,0.99826,1.0027,0.97226,D,0.9889,0.99684,D,10,0.9630461,0.95691,D,0.824581,0.98635,D,0.954,0.99189,0.9426846457,0.97358,PS,"Altered Cytoplasmic_loop (Pr = 0.34, P = 4.4e-05)| Altered Transmembrane_region (Pr = 0.0081, P = 0.017)",0.9955506232,0.99543,0.9589585853,0.95855,1.770428042,0.91236,0.8716131449,0.92788,D,0.983087,0.99879,D,0.557206,0.96004,D,0.562611,0.95942,D,0.9955245256,0.8748,D,.,0.99027,.,0.941541,0.95329,0.9006762,0.94951,0.9361539,0.94774,0.9083285,0.95504,-12.930615,0.88777,D,0.9046,0.83022,P,0.9999598381,0.99183,0.9999236,0.99909,0.977,0.99166,.,.,.,.,.,.,4.755394,0.76907,26.6,0.9975194932,0.84342,0.940076,0.94134,D,0.7215086375,0.80941,7.430583,0.6266067203,0.76754,6.572914
PSEN1:p.Gln222Lys,Q222K,1.71,Yes,5.68,Yes,3.33,Yes,14-73192759-C-A,14-73659467-C-A,Q,K,0,0.91345,D,0.024,0.56989,D,0.999,0.77921,D,0.994,0.82067,D,0.99,0.98095,D,simple_aae,1,99,2.39,0.6869,M,-3.78,0.71921,D,0.9,0.93969,1.0555,0.98232,D,0.9861,0.99583,D,10,0.9599263,0.95337,D,0.679668,0.97339,D,0.974,0.9974,0.8767954148,0.9074,PM,"Altered Cytoplasmic_loop (Pr = 0.24, P = 0.0019)| Altered Transmembrane_region (Pr = 0.006, P = 0.022)",0.9905463223,0.99033,0.9509572838,0.95047,1.639511626,0.89303,0.8682829142,0.92311,D,0.980376,0.99839,D,0.55144,0.95785,D,0.554329,0.95721,D,0.990172267,0.8024,D,.,0.95793,.,0.91147393,0.92315,0.77429605,0.86508,0.91147393,0.92316,0.77429605,0.86508,-9.141634,0.72796,D,0.9375,0.8564,P,0.999932515,0.98982,0.9999138,0.99894,0.953,0.97907,.,.,.,.,.,.,4.243331,0.64475,24.7,0.9964363075,0.76879,0.935121,0.92926,D,0.8903815772,0.91232,10.80451,0.8645764122,0.93805,12.31593
PSEN1:p.Gln223Lys,Q223K,0.88,No,2,Yes,2.27,Yes,14-73192762-C-A,14-73659470-C-A,Q,K,0,0.91345,D,0,0.9297,D,0.999,0.90584,D,0.994,0.88582,D,1,0.9938,D,simple_aae,0,100,3.385,0.9139,M,-3.78,0.71921,D,0.971,0.98181,0.971,0.96707,D,0.9932,0.99841,D,10,0.9637824,0.95777,D,0.776304,0.98232,D,0.969,0.99622,0.9030130694,0.93326,PM,"Altered Cytoplasmic_loop (Pr = 0.26, P = 0.00097)| Altered Transmembrane_region (Pr = 0.011, P = 0.012)",0.990580002,0.99036,0.9878282233,0.98772,1.650378225,0.89481,0.8824124336,0.94276,D,0.99677,0.99996,D,0.579389,0.96957,D,0.594476,0.96907,D,0.9953945279,0.87241,D,.,0.9956,.,0.92784137,0.93926,0.8134825,0.88975,0.92784137,0.93927,0.8134825,0.88976,-13.574282,0.92377,D,0.9688,0.89213,P,0.9997858181,0.97955,0.99992,0.99909,0.984,0.9945,.,.,.,.,.,.,4.506267,0.70629,25.5,0.9964522425,0.77003,0.940091,0.94136,D,0.9990108877,0.9569,13.89005,0.935820308,0.96935,15.37532
PSEN1:p.Leu232Phe,L232F,0.78,Yes,1.28,Yes,1.66,Yes,14-73192789-C-T,14-73659497-C-T,L,F,0.004,0.6558,D,0.092,0.42968,T,1,0.90584,D,1,0.97366,D,0.96,0.95536,D,simple_aae,4,96,2.52,0.7334,M,-3.78,0.71921,D,0.85,0.92437,0.9342,0.96151,D,0.9934,0.99846,D,10,0.9327529,0.92525,D,0.839911,0.9876,D,0.888,0.96755,0.7323496557,0.78192,UC,"Altered Cytoplasmic_loop (Pr = 0.24, P = 0.0017)| Altered Transmembrane_region (Pr = 0.026, P = 0.003)",0.9139830231,0.91246,0.8637232476,0.8625,1.488969859,0.86785,0.9072762728,0.97203,D,0.981414,0.99854,D,0.409252,0.90371,D,0.350086,0.9025,D,0.991239965,0.81361,D,.,0.97377,.,0.8075414,0.84184,0.5683768,0.74752,0.8075414,0.84185,0.5683768,0.74753,-12.134562,0.85228,D,0.8808,0.83211,P,0.9989755453,0.95428,0.99983692,0.99792,0.939,0.97079,.,.,.,.,.,.,4.305244,0.65887,24.9,0.9990692493,0.97731,0.730811,0.67691,D,0.7303463422,0.81523,7.565532,0.6795999566,0.8073,7.387399
PSEN1:p.Phe237Cys,F237C,0.43,Yes,0.87,No,2.05,Yes,14-73192805-T-G,14-73659513-T-G,F,C,0,0.91345,D,0.001,0.8365,D,1,0.90584,D,0.999,0.92351,D,0.99,0.98095,D,simple_aae,1,99,3.54,0.9307,H,-7.63,0.95441,D,0.929,0.93377,0.9675,0.96652,D,0.9914,0.99781,D,10,0.96037364,0.95387,D,0.882367,0.99102,D,0.978,0.99822,0.9328202346,0.96365,PS,"Altered Cytoplasmic_loop (Pr = 0.33, P = 5.8e-05)| Altered PPI_hotspot (Pr = 0.23, P = 0.05)| Altered Transmembrane_region (Pr = 0.023, P = 0.0039)| Gain of Palmitoylation at F237 (Pr = 7e-05 , P = 0.032)",0.9883389447,0.98808,0.9605770813,0.96019,1.758854292,0.91054,0.9550476074,0.99845,D,0.992738,0.99977,D,0.58703,0.9731,D,0.605451,0.97267,D,0.9991446733,0.96296,D,.,0.98744,.,0.95748,0.96975,0.8899828,0.94182,0.95748,0.96975,0.8899828,0.94182,-10.956869,0.82062,D,0.9923,0.95139,P,0.9999412444,0.99078,0.99991775,0.99909,0.983,0.99413,.,.,.,.,.,.,5.758448,0.93434,33,0.9951449203,0.68944,0.956486,0.97496,D,0.9520229642,0.94034,12.47645,0.8840435175,0.94811,13.08553
PSEN1:p.Phe237Leu,F237L,0.51,Yes,1.17,No,2.34,Yes,14-73192806-T-A,14-73659514-T-A,F,L,0.124,0.27557,T,0.282,0.24134,T,1,0.90584,D,0.996,0.8449,D,1,0.9938,D,simple_aae,0,100,1.67,0.4272,L,-5.72,0.87562,D,0.916,0.95504,0.9512,0.96402,D,0.9667,0.98938,D,10,0.9151691,0.90775,D,0.540776,0.95717,D,0.75,0.9138,0.8645048872,0.89566,PM,"Altered Cytoplasmic_loop (Pr = 0.27, P = 0.00057)| Altered PPI_hotspot (Pr = 0.23, P = 0.049)| Altered Transmembrane_region (Pr = 0.023, P = 0.0039)",0.9857744641,0.98546,0.9122591759,0.91142,1.584469497,0.88393,0.9559329748,0.99858,D,0.971289,0.99689,D,0.468743,0.93236,D,0.43554,0.93151,D,0.9971067309,0.90702,D,.,0.95536,.,0.86142087,0.88026,0.6879202,0.81423,0.8757888,0.8917,0.7428404,0.84608,-8.843885,0.66099,D,0.9953,0.97074,P,0.9996779786,0.97434,0.99991751,0.99909,0.889,0.94066,.,.,.,.,.,.,3.163296,0.43036,21.6,0.9926257989,0.57384,0.353558,0.44407,N,-0.2787816673,0.29692,1.666747,-0.3351707414,0.26657,1.493462
PSEN1:p.Lys239Asn,K239N,0.17,Yes,0.35,Yes,2.03,Yes,14-73192812-G-C,14-73659520-G-C,K,N,0.001,0.78666,D,0.044,0.50022,D,1,0.90584,D,0.999,0.92351,D,1,0.9938,D,simple_aae,0,100,2.765,0.80597,M,-4.77,0.80458,D,0.924,0.97658,1.0431,0.97969,D,0.9851,0.99549,D,10,0.92645705,0.91901,D,0.800481,0.98435,D,0.809,0.93796,0.8509768854,0.88301,PM,"Altered Cytoplasmic_loop (Pr = 0.27, P = 0.00072)| Altered PPI_hotspot (Pr = 0.25, P = 0.026)| Altered Transmembrane_region (Pr = 0.029, P = 0.0021)| Gain of C_linked_glycosylation at W244 (Pr = 1.2e-05 , P = 0.024)",0.9532995328,0.95241,0.8831409846,0.88206,1.587699968,0.88424,0.9030488133,0.96767,D,0.980399,0.99839,D,0.270322,0.80324,D,0.150523,0.8007,D,0.9966968298,0.89798,D,.,0.98228,.,0.92762005,0.93904,0.766899,0.86054,0.9428379,0.95464,0.8085449,0.88658,-12.391041,0.85384,D,0.9942,0.95664,P,0.9999385623,0.98982,0.99984205,0.99792,0.968,0.98734,.,.,.,.,.,.,4.394353,0.67953,25.2,0.9989359248,0.96749,0.689349,0.64878,D,0.8293764903,0.87838,9.382567,0.7855681064,0.88709,9.709611
PSEN1:p.Leu241Pro,L241P,0.04,Yes,0.44,Yes,11.91,Yes,14-73192817-T-C,14-73659525-T-C,L,P,0,0.91345,D,0.001,0.8365,D,1,0.90584,D,1,0.97366,D,1,0.9938,D,simple_aae,0,100,3.65,0.94096,H,-6.57,0.91933,D,0.975,0.98575,0.957,0.96489,D,0.9922,0.99809,D,10,0.95042956,0.94313,D,0.909372,0.99321,D,0.966,0.99545,0.9668817946,0.9941,PS,"Altered Cytoplasmic_loop (Pr = 0.38, P = 9.7e-06)| Loss of Helix (Pr = 0.31 , P = 0.0033)| Altered Transmembrane_region (Pr = 0.023, P = 0.0039)| Gain of C_linked_glycosylation at W244 (Pr = 1.9e-05 , P = 0.017)",0.9924621481,0.99228,0.9934292198,0.99337,1.860675909,0.92367,0.9226467013,0.98517,D,0.995836,0.99993,D,0.587573,0.97315,D,0.606231,0.97271,D,0.9988096952,0.95177,D,.,0.96244,.,0.9693589,0.98169,0.9324368,0.9722,0.9693589,0.98169,0.9324368,0.9722,-14.808287,0.956,D,0.9992,0.98761,P,0.9998797629,0.98499,0.9999312,0.99924,0.983,0.99413,.,.,.,.,.,.,4.870771,0.79858,27.2,0.9992473484,0.98982,0.967362,0.98979,D,0.9334907382,0.93263,11.94967,0.8729149282,0.9425,12.64002
PSEN1:p.Pro242His,P242H,0.31,Yes,0.72,Yes,2.35,Yes,14-73192820-C-A,14-73659528-C-A,P,H,0,0.91345,D,0,0.9297,D,1,0.90584,D,1,0.97366,D,0.94,0.98095,D,simple_aae,6,94,3.74,0.94858,H,-8.58,0.97442,D,0.965,0.97765,0.9193,0.95936,D,0.9967,0.99921,D,10,0.9480008,0.94061,D,0.805453,0.98477,D,0.969,0.99622,0.9064601124,0.93673,PM,"Gain of Helix (Pr = 0.28 , P = 0.021)| Altered Cytoplasmic_loop (Pr = 0.27, P = 0.0006)| Altered PPI_hotspot (Pr = 0.23, P = 0.05)| Altered Transmembrane_region (Pr = 0.023, P = 0.0039)| Gain of C_linked_glycosylation at W244 (Pr = 9.9e-06 , P = 0.028)",0.9830223717,0.98266,0.9374272011,0.93682,1.577485516,0.88283,0.9113038778,0.9759,D,0.996185,0.99994,D,0.58467,0.97054,D,0.602062,0.97006,D,0.9991185069,0.96192,D,.,0.99371,.,0.88536936,0.89968,0.8158106,0.89126,0.88536936,0.89969,0.8158106,0.89126,-13.078687,0.87941,D,0.9915,0.95927,P,0.9998227739,0.98178,0.9999161,0.99909,0.935,0.96837,.,.,.,.,.,.,4.610198,0.732,25.9,0.9971418461,0.81609,0.924321,0.90182,D,1.038777153,0.968,15.18496,0.9623577911,0.97745,16.70764
PSEN1:p.Thr245Pro,T245P,0.02,Yes,0.24,Yes,12.35,Yes,14-73192828-A-C,14-73659536-A-C,T,P,0.001,0.78666,D,0.002,0.7971,D,1,0.90584,D,0.988,0.77983,D,1,0.9938,D,simple_aae,0,100,3.63,0.93919,H,-4.92,0.81706,D,0.773,0.79619,0.949,0.96369,D,0.9928,0.99829,D,10,0.9544544,0.94738,D,0.823862,0.98629,D,0.942,0.98779,0.8733413758,0.90407,PM,"Loss of Helix (Pr = 0.28 , P = 0.034)| Altered Cytoplasmic_loop (Pr = 0.26, P = 0.00099)| Altered Transmembrane_region (Pr = 0.0093, P = 0.015)| Gain of C_linked_glycosylation at W244 (Pr = 9.2e-06 , P = 0.03)",0.9914829499,0.99129,0.9833403671,0.98319,1.669279178,0.89794,0.8461745977,0.89018,D,0.979318,0.99822,D,0.562528,0.96252,D,0.570256,0.96192,D,0.9960466027,0.88465,D,.,0.71522,.,0.9565571,0.9688,0.9122839,0.95789,0.953532,0.96569,0.8815264,0.93578,-12.679772,0.90568,D,0.9797,0.92586,P,0.9999231094,0.98892,0.9999217,0.99909,0.984,0.9945,.,.,.,.,.,.,4.389137,0.67827,25.1,0.9967014482,0.78578,0.809431,0.73196,D,0.8344885932,0.88145,9.492701,0.7725163453,0.87762,9.358406
PSEN1:p.Pro267Leu,P267L,1.16,No,1.03,No,0.9,No,14-73198061-C-T,14-73664769-C-T,P,L,0,0.91345,D,0,0.9297,D,1,0.90584,D,1,0.97366,D,0.95,0.97127,A,simple_aae,5,95,3.185,0.88769,M,-9.08,0.98173,D,0.999,0.99995,0.8972,0.95621,D,0.9954,0.99896,D,10,0.9814139,0.98144,D,0.848297,0.98827,D,0.973,0.99718,0.7752710309,0.8168,PP,"Gain of Helix (Pr = 0.28 , P = 0.018)| Altered Cytoplasmic_loop (Pr = 0.14, P = 0.017)| Altered Transmembrane_region (Pr = 0.0014, P = 0.048)| Loss of Palmitoylation at C263 (Pr = 0.00015 , P = 0.012)",0.9925940038,0.99241,0.978688911,0.97848,1.476869963,0.86582,0.8765644431,0.93484,D,0.981204,0.99851,D,0.582471,0.97003,D,0.598903,0.96954,D,0.9998737574,0.99467,D,.,0.99842,.,0.9067951,0.91876,0.7167999,0.83077,0.91733325,0.92881,0.8001016,0.8812,-12.435173,0.85166,D,0.9865,0.94077,P,0.9995042319,0.96802,0.99992585,0.99924,0.975,0.99076,.,.,.,.,.,.,4.589026,0.72659,25.8,0.9987993441,0.95663,0.892258,0.82838,D,0.8881717432,0.91121,10.74883,0.8159963852,0.90834,10.61396
PSEN1:p.Arg278Thr,R278T,0.35,Yes,1.18,No,3.33,Yes,14-73198094-G-C,14-73664802-G-C,R,T,0,0.91345,D,0,0.9297,D,1,0.90584,D,0.999,0.92351,D,1,0.9938,A,simple_aae,0,100,3.36,0.91088,M,-5.46,0.85572,D,0.949,0.96773,0.9782,0.96821,D,0.9906,0.9975,D,10,0.97242165,0.9685,D,0.837335,0.98738,D,0.966,0.99545,0.7582047741,0.80273,PP,"Altered Cytoplasmic_loop (Pr = 0.21, P = 0.004)| Gain of N_linked_glycosylation at N279 (Pr = 0.036 , P = 0.025)",0.9931561612,0.99299,0.9545571011,0.95411,1.779788199,0.91346,0.8735278249,0.9306,D,0.99422,0.99985,D,0.579651,0.96961,D,0.594852,0.96911,D,0.9935864806,0.84316,D,.,0.99679,.,0.9073517,0.91928,0.7696951,0.86225,0.8958212,0.90879,0.7758563,0.86605,-14.727228,0.93926,D,0.999,0.98378,P,0.9997705901,0.97902,0.99991953,0.99909,0.995,0.99826,.,.,.,.,.,.,4.91211,0.80895,27.4,0.9863642211,0.44186,0.928221,0.91179,D,0.9548865692,0.94145,12.55905,0.8798908638,0.94605,12.91746
PSEN1:p.Leu282His,L282H,0.84,No,0.87,Yes,1.03,No,14-73198106-T-A,14-73664814-T-A,L,H,0,0.91345,D,0,0.9297,D,0.999,0.77921,D,0.976,0.73564,D,0.8,0.91889,D,simple_aae,20,80,2.395,0.69018,M,-4.77,0.80458,D,0.804,0.81296,1.0312,0.97735,D,0.9858,0.99573,D,10,0.9553534,0.94835,D,0.862307,0.98941,D,0.944,0.9885,0.843350118,0.87603,PM,"Gain of Intrinsic_disorder (Pr = 0.31 , P = 0.037)| Gain of Strand (Pr = 0.27 , P = 0.024)| Altered Cytoplasmic_loop (Pr = 0.2, P = 0.0053)| Gain of N_linked_glycosylation at N279 (Pr = 0.035 , P = 0.025)",0.9358231886,0.93464,0.8504113119,0.84908,1.648276231,0.89457,0.8167263269,0.84499,D,0.983268,0.99881,D,0.4246,0.91195,D,0.372132,0.91086,D,0.996894598,0.90229,D,.,0.74456,.,0.8586623,0.87813,0.8654092,0.92444,0.8586623,0.87815,0.8654092,0.92444,-13.325765,0.9137,D,0.9979,0.9731,P,0.9968163588,0.92489,0.99988937,0.99864,0.982,0.99374,.,.,.,.,.,.,4.334503,0.66558,25,0.9857403494,0.43358,0.938418,0.93735,D,0.8444514414,0.8873,9.712688,0.7972192902,0.89545,10.04208
PSEN1:p.Leu286Val,L286V,1.42,Yes,4.839,Yes,2.623,Yes,14-73198117-C-G,14-73664825-C-G,L,V,0,0.91345,D,0.002,0.7971,D,0.999,0.90584,D,0.999,0.92351,D,1,0.9938,A,simple_aae,0,100,3.72,0.94693,H,-2.71,0.57792,D,0.923,0.9755,0.9724,0.9673,D,0.9929,0.99832,D,10,0.9497032,0.94238,D,0.874002,0.99035,D,0.91,0.97583,0.8469062868,0.87928,PM,"Gain of Strand (Pr = 0.27 , P = 0.018)| Altered Cytoplasmic_loop (Pr = 0.17, P = 0.0094)",0.978610442,0.97816,0.922066287,0.92131,1.466935703,0.86399,0.7865531445,0.79884,T,0.995534,0.99992,D,0.562236,0.96243,D,0.569837,0.96183,D,0.9841496348,0.75381,D,.,0.98307,.,0.8380119,0.86279,0.85009265,0.91392,0.8400473,0.86428,0.8653193,0.92438,-13.307157,0.88755,D,0.9542,0.87339,P,0.9986392423,0.94782,0.9999168,0.99909,0.936,0.96898,.,.,.,.,.,.,3.916433,0.57286,23.8,0.9985176194,0.93117,0.861,0.77816,D,1.005592758,0.95891,14.09839,0.9292118255,0.96707,15.0616
PSEN1:p.Tyr288His,Y288H,0.05,Yes,0.92,No,17.67,Yes,14-73198123-T-C,14-73664831-T-C,Y,H,0,0.91345,D,0,0.9297,D,1,0.90584,D,0.999,0.92351,D,1,0.9938,D,simple_aae,0,100,3.735,0.94817,H,-4.59,0.78924,D,0.96,0.98181,0.9333,0.96138,D,0.9938,0.99857,D,10,0.96848345,0.96343,D,0.898714,0.99234,D,0.977,0.99803,0.895586175,0.92581,PM,"Altered PPI_hotspot (Pr = 0.29, P = 0.0052)| Altered MoRF (Pr = 0.28, P = 0.033)| Altered Cytoplasmic_loop (Pr = 0.19, P = 0.0069)",0.9695454749,0.96892,0.9623564366,0.96199,1.665869108,0.89755,0.9064369798,0.9712,D,0.997132,0.99997,D,0.580202,0.96969,D,0.595643,0.9692,D,0.9953082714,0.87082,D,.,0.97294,.,0.8329322,0.85916,0.7707728,0.86291,0.85238165,0.87338,0.7329927,0.84024,-13.751322,0.91263,D,0.9987,0.98044,P,0.9996407292,0.9731,0.99991035,0.99894,0.978,0.99209,.,.,.,.,.,.,4.657454,0.74388,26.1,0.9984346956,0.92419,0.943442,0.94912,D,1.004191333,0.95848,14.0538,0.927648433,0.9665,14.98774
PSEN1:p.Ser290Cys,S290C,0.02,Yes,0.06,Yes,3.66,Yes,no matching results,,,,,,,,,,,,,,,,,,,,,,,,,,,,,,,,,,,,,,,,,,,,,,,,,,,,,,,,,,,,,,,,,,,,,,,,,,,,,,,,,,,,,,,,,,,,,,,,,,,,,,,,,,,,,,,,
PSEN1:p.Glu318Gly,E318G,1.1552,No,0.7361,No,0.6109,No,14-73206470-A-G,14-73673178-A-G,E,G,0.132,0.6558,T,0.343,0.44658,T,0.011,0.15928,B,0.044,0.24396,B,0.13,0.33146,P,simple_aae,87,13,1.19,0.29978,L,-1.05,0.82854,N,0.071,0.2322,0.7465,0.93728,D,0.8664,0.95548,D,10,0.004003018,0.00111,T,,,,0.476,0.76692,0.1627288112,0.2706,BM,"Gain of Phosphorylation at S319 (Pr = 0.32 , P = 0.011)| Altered Cytoplasmic_loop (Pr = 0.29, P = 0.00041)| Gain of Ubiquitylation at K314 (Pr = 0.17 , P = 0.023)| Gain of Proteolytic_cleavage at E323 (Pr = 0.11 , P = 0.037)| Gain of GPI-anchor_amidation at N316 (Pr = 0.0075 , P = 0.047)",.,,0.2145848861,0.2118,0.6851422823,0.6,0.3224766552,0.13783,T,0.709989,0.91627,D,-0.137976,0.29857,T,0.0466167,0.73162,D,0.01289812407,0.0022,T,.,0.34489,.,0.07679137,0.17224,0.103747204,0.24839,0.07586953,0.16958,0.10447215,0.25031,-3.7023606,0.6099,T,0.0897,0.43366,B,0.08405053354,0.41749,0.96931314,0.94602,0.134,0.35453,.,.,.,.,.,.,3.800513,0.54902,23.5,0.986585329,0.44499,0.810155,0.7325,D,-0.1695259291,0.34135,1.963539,0.01119443224,0.39946,2.3979
PSEN1:p.Asp333Gly,D333G,0.88,Yes,0.81,Yes,0.93,No,14-73211811-A-G,14-73678519-A-G,D,G,0.035,0.43869,D,0.091,0.40461,T,0.751,0.43302,P,0.736,0.55527,P,0.92,0.93005,D,simple_aae,8,92,1.715,0.44213,L,-1.83,0.42962,N,0.682,0.68708,0.7261,0.93476,D,0.9196,0.97333,D,10,0.52786416,0.62695,D,0.442825,0.94188,D,0.732,0.90595,0.3594160194,0.48898,BP,"Loss of Loop (Pr = 0.28 , P = 0.013)| Altered Cytoplasmic_loop (Pr = 0.23, P = 0.0027)| Loss of Proteolytic_cleavage at D333 (Pr = 0.14 , P = 0.02)| Loss of Carboxylation at E330 (Pr = 7.5e-05 , P = 0.035)",0.9901342544,0.98991,0.6355147873,0.63309,1.428482654,0.85696,0.5697839856,0.4858,T,0.873734,0.97265,D,0.229045,0.76456,D,0.499883,0.94578,D,0.1315929069,0.15334,T,.,0.60422,.,0.2741463,0.50139,0.29184586,0.54987,0.26290157,0.49012,0.1978558,0.43423,-3.0959892,0.10874,T,0.1827,0.39694,B,0.9234838403,0.77831,0.99973375,0.99655,0.446,0.67864,.,.,.,.,.,.,3.744582,0.53784,23.4,0.9923196699,0.5638,0.84512,0.76118,D,0.1118993521,0.46767,2.93342,0.2269327938,0.51097,3.318039
PSEN1:p.Arg352Cys,R352C,0.95028,No,0.6338,No,0.6348,No,14-73211867-C-T,14-73678575-C-T,R,C,0.034,0.44191,D,0.037,0.52094,D,0.928,0.51627,P,0.397,0.444,B,0.82,0.90294,D,simple_aae,18,82,1.15,0.29148,L,-1.6,0.38533,N,0.244,0.30472,0.9839,0.96914,D,0.9476,0.98287,D,10,0.39115083,0.54538,D,0.868088,0.98987,D,0.793,0.93164,0.1299167751,0.21991,BM,"Loss of Phosphorylation at T354 (Pr = 0.3 , P = 0.019)| Loss of ADP_ribosylation at R352 (Pr = 0.21 , P = 0.034)| Loss of Proteolytic_cleavage at R352 (Pr = 0.11 , P = 0.037)",0.8570768486,0.85456,0.547758099,0.54506,1.237661895,0.81417,0.2381146103,0.02625,T,0.879387,0.97432,D,0.0742793,0.61089,D,0.0658921,0.74445,D,0.1595295496,0.17616,T,.,0.85974,.,0.10885357,0.25499,0.052631885,0.08718,0.077591404,0.17453,0.049983468,0.07758,-5.1482935,0.37704,T,0.1099,0.21275,B,0.5073950365,0.61004,0.9987124,0.98921,0.186,0.44196,.,.,.,.,.,.,3.836736,0.55634,23.6,0.9976204284,0.85208,0.64215,0.61786,D,0.3442220248,0.58224,4.015732,0.4257485754,0.62979,4.546005
PSEN1:p.Thr354Ile,T354I,0.6,Yes,0.7,Yes,1.17,Yes,14-73211874-C-T,14-73678582-C-T,T,I,0.178,0.22516,T,0.159,0.31855,T,0.996,0.68799,D,0.979,0.74457,D,0.92,0.93005,D,simple_aae,8,92,2.745,0.80083,M,-1.5,0.36573,N,0.763,0.88895,1.1055,0.9982,D,0.9784,0.9933,D,10,0.9114645,0.90403,D,0.199878,0.86645,D,0.582,0.83108,0.276291489,0.40907,BP,"Loss of Phosphorylation at T354 (Pr = 0.39 , P = 0.0081)| Gain of Proteolytic_cleavage at R352 (Pr = 0.11 , P = 0.042)",0.9609396294,0.96017,0.8236300788,0.82212,1.516804889,0.87287,0.6069927216,0.53825,T,0.832335,0.9597,D,0.373983,0.88236,D,0.475271,0.94054,D,0.6024764776,0.36189,D,.,0.56923,.,0.26719835,0.49451,0.14210702,0.3371,0.221539,0.44398,0.14821556,0.3493,-4.1457853,0.25708,T,0.4089,0.60023,A,0.9237053299,0.77849,0.99981469,0.99752,0.22,0.48658,.,.,.,.,.,.,3.126698,0.42401,21.5,0.9566338162,0.27822,0.676423,0.64017,D,0.1656660355,0.49313,3.154672,0.2048804633,0.49864,3.207232
PSEN1:p.Arg358Gln,R358Q,1.674,Yes,1.4714,Yes,0.8424,No,14-73211886-G-A,14-73678594-G-A,R,Q,0.247,0.17393,T,0.27,0.22775,T,0.998,0.73236,D,0.933,0.66812,D,0.87,0.96289,D,simple_aae,13,87,2.145,0.59901,M,-1.08,0.28043,N,0.744,0.74256,1.0605,0.98348,D,0.9572,0.98613,D,10,0.85154414,0.84164,D,0.65422,0.97076,D,0.686,0.88487,0.1096958465,0.18517,BM,"Loss of Phosphorylation at T354 (Pr = 0.26 , P = 0.032)| Altered Cytoplasmic_loop (Pr = 0.11, P = 0.038)",0.9738304841,0.97329,0.8407936352,0.8394,1.571392124,0.88133,0.4622205496,0.33571,T,0.817526,0.95457,D,0.214712,0.75089,D,0.368202,0.90944,D,0.2743427753,0.23653,T,.,0.67245,.,0.13587692,0.3124,0.077641696,0.17291,0.13525188,0.31118,0.08427644,0.19343,-3.374808,0.15267,T,0.1415,0.31159,B,0.9331163047,0.78683,0.9996853,0.99612,0.332,0.59514,.,.,.,.,.,.,3.845166,0.55811,23.6,0.942070548,0.24796,0.837921,0.7546,D,-0.1726086276,0.34004,1.954632,-0.1746240481,0.32163,1.847806
PSEN1:p.Ser365Tyr,S365Y,0.67,Yes,0.76,Yes,1.13,No,14-73211907-C-A,14-73678615-C-A,S,Y,0.155,0.25079,T,0.107,0.39689,T,0.851,0.4698,P,0.804,0.58346,P,0.75,0.84032,D,simple_aae,25,75,0.65,0.16043,N,-1.06,0.35777,N,0.676,0.7638,1.0914,0.99294,D,0.9798,0.99376,D,10,0.851777,0.84189,D,0.30959,0.91125,D,0.591,0.8361,0.1968506829,0.31727,BM,"Loss of Intrinsic_disorder (Pr = 0.5 , P = 0.0064)| Gain of Phosphorylation at S365 (Pr = 0.42 , P = 0.0056)| Gain of Proteolytic_cleavage at S365 (Pr = 0.13 , P = 0.021)",0.9619259101,0.96117,0.5792413829,0.57664,1.349114171,0.83964,0.4716330171,0.34858,T,0.826138,0.95759,D,0.433075,0.91624,D,0.384306,0.91521,D,0.8434848785,0.49343,D,.,0.53473,.,0.11306474,0.26461,0.15958445,0.37083,0.12088181,0.28178,0.14050373,0.33383,-6.466667,0.49689,T,0.2434,0.47777,B,0.7699481828,0.69556,0.99968648,0.99612,0.293,0.56203,.,.,.,.,.,.,3.211268,0.4388,21.8,0.9124682202,0.20867,0.809717,0.73217,D,0.2998134906,0.55918,3.778278,0.3535059468,0.58502,4.044172
PSEN1:p.Arg377Met,R377M,0.95,No,0.82,Yes,0.87,Yes,14-73217126-G-T,14-73683834-G-T,R,M,0.001,0.78666,D,0.006,0.76782,D,1,0.90584,D,0.999,0.92351,D,1,0.9938,D,simple_aae,0,100,3.18,0.88696,M,-5.31,0.84486,D,0.798,0.79328,1.0499,0.98111,D,0.9878,0.99643,D,9,0.8500016,0.87751,D,0.659928,0.97136,D,0.957,0.99285,0.7282991219,0.77871,UC,"Gain of Loop (Pr = 0.28 , P = 0.012)| Loss of Helix (Pr = 0.28 , P = 0.032)| Gain of Ubiquitylation at K380 (Pr = 0.16 , P = 0.035)",0.9813190973,0.98092,0.9026346688,0.90172,1.476869963,0.86582,0.7718840837,0.77669,T,0.98621,0.99917,D,0.569676,0.9657,D,0.580524,0.96513,D,0.9937039018,0.84491,D,.,0.88522,.,0.69703734,0.77631,0.7226693,0.83419,0.68773264,0.77123,0.70013064,0.8212,-12.525119,0.85336,D,0.869,0.80775,P,0.984162928,0.86406,0.99989498,0.99864,0.971,0.98885,.,.,.,.,.,.,5.640082,0.92757,33,0.963025044,0.29664,0.958304,0.97792,D,1.003762389,0.95835,14.04019,0.9671355365,0.97872,16.95983
PSEN1:p.Asp385Glu,D385E,0.04,Yes,0.28,Yes,6.41,Yes,14-73217151-T-G,14-73683859-T-G,D,E,0,0.91345,D,0,0.9297,D,0.995,0.67509,D,0.994,0.92351,D,0.92,0.93005,D,simple_aae,8,92,3.715,0.94652,H,-3.67,0.70229,D,0.978,0.98852,1.0287,0.97687,D,0.9951,0.99889,D,10,0.9751395,0.9722,D,0.853279,0.98868,D,0.889,0.96792,0.7674210383,0.8103,PP,"Altered PPI_hotspot (Pr = 0.26, P = 0.016)| Loss of Ubiquitylation at K380 (Pr = 0.15 , P = 0.042)| Loss of Proteolytic_cleavage at Y389 (Pr = 0.12 , P = 0.036)",0.9952787744,0.99516,0.9759620259,0.97573,1.407641293,0.85292,0.8367612362,0.87579,D,0.993929,0.99984,D,0.539151,0.95369,D,0.536676,0.95301,D,0.9959200621,0.88231,D,.,0.92497,.,0.89809465,0.91081,0.83292663,0.90244,0.89809465,0.91082,0.83292663,0.90244,-11.964241,0.83125,D,0.9996,0.99393,P,0.9993981381,0.9646,0.99992204,0.99909,0.987,0.99559,.,.,.,.,.,.,3.122945,0.42336,21.5,0.9959537204,0.73936,0.454306,0.50536,N,0.5280112697,0.6859,5.260715,0.3764708284,0.59907,4.195897
PSEN1:p.Phe388Tyr,F388Y,0.45,Yes,0.73,Yes,1.7,Yes,14-73217159-T-A,14-73683867-T-A,F,Y,0,0.91345,D,0,0.9297,D,0.992,0.77921,D,0.994,0.97366,D,0.92,0.93005,D,simple_aae,8,92,3.715,0.94652,H,-2.75,0.58438,D,0.861,0.85732,0.9085,0.95781,D,0.9957,0.99902,D,10,0.93877643,0.93127,D,0.872793,0.99025,D,0.911,0.97621,0.6013019984,0.68136,UC,"Altered PPI_hotspot (Pr = 0.32, P = 0.0016)| Altered Cytoplasmic_loop (Pr = 0.14, P = 0.02)| Loss of Proteolytic_cleavage at Y389 (Pr = 0.11 , P = 0.037)| Gain of Sulfation at F388 (Pr = 0.019 , P = 0.03)",0.9537474278,0.95286,0.9076817392,0.90681,1.215086901,0.80838,0.9026225805,0.96722,D,0.993839,0.99983,D,0.443142,0.9211,D,0.398767,0.92013,D,0.9961155653,0.88602,D,.,0.88879,.,0.94128734,0.95303,0.8293363,0.90007,0.94128734,0.95303,0.8293363,0.90007,-15.0205,0.94849,D,0.9657,0.91018,P,0.9996875313,0.97477,0.99987078,0.99835,0.992,0.99727,.,.,.,.,.,.,4.586288,0.72592,25.8,0.9961915354,0.75358,0.932448,0.92255,D,0.9955762336,0.95582,13.78329,0.9165290036,0.96233,14.47658
PSEN1:p.Ser390Asn,S390N,0.17,Yes,0.82,Yes,4.99,Yes,14-73217165-G-A,14-73683873-G-A,S,N,0.001,0.78666,D,0.003,0.7971,D,0.985,0.73236,D,0.976,0.83179,D,1,0.9938,D,simple_aae,0,100,3.735,0.94817,H,-2.45,0.53601,N,0.905,0.91853,0.9386,0.96216,D,0.9959,0.99906,D,10,0.94405866,0.93658,D,0.840078,0.98761,D,0.871,0.96123,0.7902851765,0.8294,PP,"Loss of Strand (Pr = 0.26 , P = 0.038)| Altered PPI_hotspot (Pr = 0.26, P = 0.015)| Altered Cytoplasmic_loop (Pr = 0.2, P = 0.0057)| Loss of Ubiquitylation at K395 (Pr = 0.17 , P = 0.026)| Loss of Proteolytic_cleavage at Y389 (Pr = 0.12 , P = 0.029)",0.935016646,0.93383,0.9871586618,0.98704,1.280732358,0.82427,0.8260461092,0.85933,D,0.978892,0.99815,D,0.31712,0.84153,D,0.217745,0.83949,D,0.9714364409,0.69113,D,.,0.97151,.,0.83610106,0.86142,0.7454269,0.84761,0.83610106,0.86143,0.7454269,0.84762,-13.797171,0.90715,D,0.992,0.96038,P,0.9992725436,0.96128,0.99981385,0.99752,0.967,0.98682,.,.,.,.,.,.,4.851607,0.79381,27.1,0.9974197129,0.83595,0.932448,0.92255,D,1.096549613,0.98059,17.35926,1.026781014,0.99075,20.58104
PSEN1:p.Ala396Thr,A396T,1.393,Yes,1.5211,Yes,1.04709,No,14-73217182-G-A,14-73683890-G-A,A,T,0,0.91345,D,0.002,0.7971,D,1,0.90584,D,0.999,0.92351,D,0.94,0.94202,D,simple_aae,6,94,2.99,0.85543,M,-3.11,0.64854,D,0.927,0.93495,1.0003,0.97185,D,0.9915,0.99784,D,10,0.94029117,0.93278,D,0.65896,0.97126,D,0.928,0.98265,0.8573555596,0.88894,PM,"Gain of Strand (Pr = 0.27 , P = 0.027)| Altered Cytoplasmic_loop (Pr = 0.26, P = 0.00092)| Loss of Ubiquitylation at K395 (Pr = 0.18 , P = 0.02)| Gain of C-terminal_signal at A400 (Pr = 0.0067 , P = 0.0074)| Altered Signal_cleavage (Pr = 0.0039, P = 0.0035)",0.9770345402,0.97656,0.9549675055,0.95452,1.273201624,0.82246,0.7598307133,0.75862,T,0.98685,0.99924,D,0.576369,0.96912,D,0.590137,0.96861,D,0.992828548,0.83278,D,.,0.98665,.,0.85217386,0.87321,0.7990073,0.8805,0.8645508,0.88271,0.79184186,0.87599,-11.032806,0.80072,D,0.8275,0.85334,P,0.9968821603,0.92557,0.9999044,0.99879,0.985,0.99487,.,.,.,.,.,.,4.840674,0.79093,27,0.9991848612,0.98589,0.925375,0.90449,D,1.048231443,0.97031,15.5119,0.9959135396,0.98539,18.59356
PSEN1:p.Val412Ile,V412I,0.7,Yes,0.64,Yes,0.92,No,14-73217230-G-A,14-73683938-G-A,V,I,0.039,0.42647,D,0.213,0.2677,T,0.986,0.61543,D,0.98,0.74847,D,0.98,0.97127,D,simple_aae,2,98,2.085,0.57551,M,-0.87,0.23537,N,0.752,0.80206,1.1059,0.99826,D,0.9838,0.99506,D,10,0.6861882,0.71311,D,0.280115,0.90179,D,0.679,0.88152,0.3491226253,0.47971,BP,"Altered Transmembrane_region (Pr = 0.0072, P = 0.02)| Loss of C-terminal_signal at I408 (Pr = 0.0035 , P = 0.01)| Altered Signal_helix (Pr = 0.00052, P = 0.023)| Altered Signal_cleavage (Pr = 0.00051, P = 0.027)| Loss of Palmitoylation at C410 (Pr = 0.00012 , P = 0.017)",0.8982934744,0.8965,0.6786658969,0.67641,0.6074982286,0.55268,0.805023849,0.82699,D,0.814637,0.95357,D,0.378147,0.88509,D,0.305405,0.88364,D,0.6419682356,0.37814,D,.,0.90795,.,0.46147752,0.64437,0.30862424,0.56649,0.4607744,0.64394,0.38394827,0.6309,-5.9487357,0.47475,T,0.1119,0.30616,B,0.7418865341,0.68496,0.99971229,0.99633,0.815,0.89781,.,.,.,.,.,.,3.940744,0.57798,23.9,0.9958772528,0.73467,0.867439,0.78644,D,0.6192563517,0.74258,6.125195,0.6742398797,0.8032,7.296478
PSEN1:p.Ala434Thr,A434T,0.26,Yes,0.33,Yes,1.27,Yes,14-73219185-G-A,14-73685893-G-A,A,T,0,0.91345,D,0,0.9297,D,0.999,0.90584,D,0.992,0.92351,D,0.91,0.9938,D,simple_aae,9,91,3.75,0.94937,H,-3.59,0.69273,D,0.94,0.99026,0.9336,0.96142,D,0.9974,0.99936,D,10,0.9519541,0.94473,D,0.919831,0.99407,D,0.939,0.98671,0.7741175456,0.81585,PP,"Gain of C-terminal_signal at A431 (Pr = 0.011 , P = 0.0057)| Altered Transmembrane_region (Pr = 0.0059, P = 0.023)| Altered Signal_cleavage (Pr = 0.00068, P = 0.02)",0.9715510379,0.97097,0.9896507646,0.98957,1.433000713,0.85774,0.85338521,0.90109,D,0.995777,0.99993,D,0.581499,0.96989,D,0.597506,0.96939,D,0.9975373745,0.91722,D,.,0.99701,.,0.9279367,0.93936,0.8834291,0.93713,0.9246536,0.93605,0.87260115,0.92947,-12.714426,0.8612,D,0.9974,0.96926,P,0.9979989315,0.93816,0.9999163,0.99909,0.981,0.99334,.,.,.,.,.,.,4.953226,0.81896,27.6,0.9991315652,0.98171,0.929606,0.91532,D,1.113465903,0.98367,18.10825,1.046102435,0.99333,22.00141
PSEN1:p.Pro436Ala,P436A,0.21,Yes,0.95,No,4.87,Yes,14-73219191-C-G,14-73685899-C-G,P,A,0,0.91345,D,0,0.9297,D,0.996,0.70691,D,0.995,0.92351,D,0.83,0.94202,D,simple_aae,17,83,3.75,0.94937,H,-7.18,0.94186,D,0.833,0.91621,0.9361,0.96178,D,0.9968,0.99923,D,10,0.9774991,0.97556,D,0.887667,0.99145,D,0.947,0.98955,0.8690664436,0.89999,PM,"Gain of Helix (Pr = 0.29 , P = 0.016)| Loss of C-terminal_signal at A431 (Pr = 0.0074 , P = 0.0069)| Altered Transmembrane_region (Pr = 0.0057, P = 0.023)| Altered Signal_cleavage (Pr = 0.00087, P = 0.015)",0.9781567076,0.97769,0.9745416676,0.9743,1.436420372,0.8583,0.9273053408,0.98827,D,0.996744,0.99996,D,0.576212,0.96901,D,0.589912,0.9685,D,0.9987027645,0.94873,D,.,0.9962,.,0.898822,0.91146,0.82549965,0.89754,0.898822,0.91147,0.82549965,0.89755,-17.315945,0.98942,D,0.9963,0.96999,P,0.9960834484,0.91837,0.9999206,0.99909,0.931,0.96596,.,.,.,.,.,.,4.520686,0.70983,25.6,0.9947309759,0.66565,0.918816,0.88802,D,1.058595372,0.97273,15.88112,0.989774658,0.98411,18.22806
PSEN1:p.Ile437Val,I437V,1.12,Yes,2.15,Yes,1.92,Yes,14-73219194-A-G,14-73685902-A-G,I,V,0.035,0.43869,D,0.076,0.42968,T,0,0.13658,B,0.002,0.24976,B,0.86,0.95536,D,simple_aae,14,86,2.17,0.6048,M,-0.89,0.23974,N,0.474,0.68183,1.0375,0.97856,D,0.9609,0.98739,D,10,0.5479965,0.63782,D,0.46707,0.94607,D,0.554,0.81507,0.1828052897,0.29872,BM,"Altered Transmembrane_region (Pr = 0.0066, P = 0.021)| Altered Signal_cleavage (Pr = 0.00068, P = 0.02)| Loss of C-terminal_signal at P433 (Pr = 0.00047 , P = 0.033)",0.9050070021,0.90332,0.7659900645,0.76414,0.4387871051,0.43614,0.7407053709,0.73031,T,0.822578,0.95635,D,0.0153307,0.53436,T,0.0902217,0.76083,D,0.5795251513,0.3529,D,.,0.67037,.,0.16680545,0.36729,0.082840085,0.18907,0.16680545,0.36729,0.082840085,0.18906,-6.914045,0.55581,T,0.126,0.43893,B,0.9352295494,0.78882,0.9990719,0.99128,0.688,0.82685,.,.,.,.,.,.,3.588022,0.50772,23,0.9896737138,0.49628,0.867801,0.78692,D,-0.006376233116,0.41303,2.488545,0.0992760224,0.44238,2.731581
PSEN1:p.Ser438Cys,S438C,0.67,Yes,1.13,No,1.68,Yes,14-73219198-C-G,14-73685906-C-G,S,C,0,0.91345,D,0,0.9297,D,1,0.90584,D,0.999,0.97366,D,0.9,0.9244,D,simple_aae,10,90,3.735,0.94817,H,-4.48,0.77998,D,0.878,0.93732,0.9679,0.96658,D,0.9942,0.99867,D,10,0.9531785,0.94602,D,0.863084,0.98947,D,0.918,0.97887,0.8895788841,0.91987,PM,"Gain of Helix (Pr = 0.27 , P = 0.043)| Altered Transmembrane_region (Pr = 0.0091, P = 0.016)| Altered Signal_cleavage (Pr = 0.00068, P = 0.02)| Loss of C-terminal_signal at P433 (Pr = 0.00047 , P = 0.033)",0.9744931909,0.97397,0.972149212,0.97187,1.438427679,0.85864,0.9098963737,0.97458,D,0.99718,0.99997,D,0.577917,0.96935,D,0.592361,0.96884,D,0.9984285235,0.94061,D,.,0.9949,.,0.7825568,0.82588,0.68853503,0.81458,0.7825568,0.82589,0.68853503,0.81459,-14.314325,0.92568,D,0.9836,0.92851,P,0.9898285382,0.88327,0.99990904,0.99894,0.928,0.96414,.,.,.,.,.,.,4.699219,0.75465,26.3,0.9922917907,0.56286,0.944807,0.95217,D,1.05417293,0.97171,15.72184,0.9844817104,0.98295,17.92207
PSEN1:p.Ile439Val,I439V,1.1619,No,1.5955,Yes,1.3114,No,14-73219200-A-G,14-73685908-A-G,I,V,0.057,0.48348,T,0.019,0.63443,D,0.111,0.30028,B,0.234,0.53557,B,0.91,0.96289,D,simple_aae,9,91,2.99,0.85543,M,-0.9,0.24192,N,0.704,0.78749,0.9055,0.95739,D,0.9906,0.9975,D,10,0.9128505,0.90543,D,0.475821,0.9475,D,0.762,0.9189,0.4799405767,0.58895,UC,"Altered Transmembrane_region (Pr = 0.0091, P = 0.016)| Altered Signal_cleavage (Pr = 0.00068, P = 0.02)",0.9850141087,0.98469,0.8426085336,0.84122,0.8053470819,0.6621,0.857073009,0.90662,D,0.82296,0.95648,D,0.468447,0.93219,D,0.53197,0.95211,D,0.7628438576,0.43724,D,.,0.92381,.,0.3217084,0.54443,0.12323728,0.29633,0.18125482,0.38968,0.14168653,0.33625,-10.586609,0.77694,D,0.1943,0.5117,B,0.7174110645,0.67623,0.9997192,0.99644,0.629,0.79309,.,.,.,.,.,.,4.054314,0.6025,24.2,0.9986636928,0.9447,0.935236,0.92953,D,0.5820287442,0.71907,5.745665,0.6526753839,0.78696,6.95183
PSEN1:p.Ile439Ser,I439S,0.5,Yes,0.5,Yes,1.01,No,14-73219201-T-G,14-73685909-T-G,I,S,0,0.91345,D,0,0.9297,D,0.999,0.77921,D,0.994,0.82067,D,0.97,0.9938,D,simple_aae,3,97,3.68,0.94359,H,-5.31,0.84486,D,0.957,0.98575,0.9482,0.96357,D,0.9933,0.99844,D,10,0.980109,0.97943,D,0.870366,0.99006,D,0.982,0.9989,0.948013964,0.97876,PS,"Altered Transmembrane_region (Pr = 0.0091, P = 0.016)| Altered Signal_cleavage (Pr = 0.00074, P = 0.018)| Gain of C-terminal_signal at A434 (Pr = 0.00033 , P = 0.041)",0.9928833706,0.99271,0.996074484,0.99605,1.767045908,0.91191,0.9005762935,0.96501,D,0.996954,0.99996,D,0.578051,0.96937,D,0.592554,0.96886,D,0.9938002437,0.84638,D,.,0.97988,.,0.89919853,0.9118,0.87399024,0.93045,0.9276473,0.93907,0.88521004,0.93841,-19.059647,0.99725,D,0.9917,0.96455,P,0.9970660323,0.92737,0.99992406,0.99909,0.981,0.99334,.,.,.,.,.,.,4.849841,0.79326,27.1,0.9942410055,0.64038,0.937532,0.9352,D,0.9943021421,0.95543,13.74422,0.9325204262,0.96824,15.21774
PSEN1:p.Thr440Pro,T440P,0.33,Yes,0.44,Yes,1.32,No,14-73219203-A-C,14-73685911-A-C,T,P,0.035,0.43869,D,0.132,0.34815,T,0.949,0.53776,P,0.893,0.65545,P,0.61,0.7609,D,simple_aae,39,61,3.035,0.86366,M,-4.39,0.80032,D,0.607,0.73433,1.0189,0.97508,D,0.9871,0.99618,D,10,0.81361794,0.80419,D,0.566026,0.96051,D,0.882,0.96531,0.8309871107,0.86482,PM,"Loss of Helix (Pr = 0.27 , P = 0.039)| Gain of Strand (Pr = 0.27 , P = 0.028)| Altered Transmembrane_region (Pr = 0.0091, P = 0.016)| Altered Signal_cleavage (Pr = 0.00094, P = 0.014)",0.9632831575,0.96255,0.9531656758,0.9527,1.548579292,0.87806,0.8189889193,0.84847,D,0.988493,0.99941,D,0.511101,0.94576,D,0.496385,0.94497,D,0.9804553986,0.73182,D,.,0.87196,.,0.9178253,0.9293,0.8699566,0.92761,0.9178253,0.92931,0.8699566,0.92761,-18.441395,0.99521,D,0.9179,0.86803,P,0.9962101677,0.91947,0.9999027,0.99879,0.765,0.86987,.,.,.,.,.,.,4.201498,0.63525,24.6,0.9964504462,0.77003,0.836768,0.75358,D,0.7671755801,0.83933,8.172105,0.7416312178,0.85453,8.608374
,,,,,,,,,,,,,,,,,,,,,,,,,,,,,,,,,,,,,,,,,,,,,,,,,,,,,,,,,,,,,,,,,,,,,,,,,.,.,.,.,.,,,,,,,,,,,,,,,,,,,,,,,,,,,,,,,,,,,,,,,,,,,
,,,,,,,,,,,,,,,,,,,,,,,,,,,,,,,,,,,,,,,,,,,,,,,,,,,,,,,,,,,,,,,,,,,,,,,,,.,.,.,.,.,,,,,,,,,,,,,,,,,,,,,,,,,,,,,,,,,,,,,,,,,,,
,,,,,,,,,,,,,,,,,,,,,,,,,,,,,,,,,,,,,,,,,,,,,,,,,,,,,,,,,,,,,,,,,,,,,,,,,.,.,.,.,.,,,,,,,,,,,,,,,,,,,,,,,,,,,,,,,,,,,,,,,,,,,
,,,,,,,,,,,,,,,,,,,,,,,,,,,,,,,,,,,,,,,,,,,,,,,,,,,,,,,,,,,,,,,,,,,,,,,,,.,.,.,.,.,,,,,,,,,,,,,,,,,,,,,,,,,,,,,,,,,,,,,,,,,,,
,,,,,,,,,,,,,,,,,,,,,,,,,,,,,,,,,,,,,,,,,,,,,,,,,,,,,,,,,,,,,,,,,,,,,,,,,.,.,.,.,.,,,,,,,,,,,,,,,,,,,,,,,,,,,,,,,,,,,,,,,,,,,
,,,,,,,,,,,,,,,,,,,,,,,,,,,,,,,,,,,,,,,,,,,,,,,,,,,,,,,,,,,,,,,,,,,,,,,,,.,.,.,.,.,,,,,,,,,,,,,,,,,,,,,,,,,,,,,,,,,,,,,,,,,,,
,,,,,,,,,,,,,,,,,,,,,,,,,,,,,,,,,,,,,,,,,,,,,,,,,,,,,,,,,,,,,,,,,,,,,,,,,.,.,.,.,.,,,,,,,,,,,,,,,,,,,,,,,,,,,,,,,,,,,,,,,,,,,
,,,,,,,,,,,,,,,,,,,,,,,,,,,,,,,,,,,,,,,,,,,,,,,,,,,,,,,,,,,,,,,,,,,,,,,,,.,.,.,.,.,,,,,,,,,,,,,,,,,,,,,,,,,,,,,,,,,,,,,,,,,,,
,,,,,,,,,,,,,,,,,,,,,,,,,,,,,,,,,,,,,,,,,,,,,,,,,,,,,,,,,,,,,,,,,,,,,,,,,.,.,.,.,.,,,,,,,,,,,,,,,,,,,,,,,,,,,,,,,,,,,,,,,,,,,
,,,,,,,,,,,,,,,,,,,,,,,,,,,,,,,,,,,,,,,,,,,,,,,,,,,,,,,,,,,,,,,,,,,,,,,,,.,.,.,.,.,,,,,,,,,,,,,,,,,,,,,,,,,,,,,,,,,,,,,,,,,,,
,,,,,,,,,,,,,,,,,,,,,,,,,,,,,,,,,,,,,,,,,,,,,,,,,,,,,,,,,,,,,,,,,,,,,,,,,.,.,.,.,.,,,,,,,,,,,,,,,,,,,,,,,,,,,,,,,,,,,,,,,,,,,
,,,,,,,,,,,,,,,,,,,,,,,,,,,,,,,,,,,,,,,,,,,,,,,,,,,,,,,,,,,,,,,,,,,,,,,,,.,.,.,.,.,,,,,,,,,,,,,,,,,,,,,,,,,,,,,,,,,,,,,,,,,,,
,,,,,,,,,,,,,,,,,,,,,,,,,,,,,,,,,,,,,,,,,,,,,,,,,,,,,,,,,,,,,,,,,,,,,,,,,.,.,.,.,.,,,,,,,,,,,,,,,,,,,,,,,,,,,,,,,,,,,,,,,,,,,
,,,,,,,,,,,,,,,,,,,,,,,,,,,,,,,,,,,,,,,,,,,,,,,,,,,,,,,,,,,,,,,,,,,,,,,,,.,.,.,.,.,,,,,,,,,,,,,,,,,,,,,,,,,,,,,,,,,,,,,,,,,,,
,,,,,,,,,,,,,,,,,,,,,,,,,,,,,,,,,,,,,,,,,,,,,,,,,,,,,,,,,,,,,,,,,,,,,,,,,.,.,.,.,.,,,,,,,,,,,,,,,,,,,,,,,,,,,,,,,,,,,,,,,,,,,
,,,,,,,,,,,,,,,,,,,,,,,,,,,,,,,,,,,,,,,,,,,,,,,,,,,,,,,,,,,,,,,,,,,,,,,,,.,.,.,.,.,,,,,,,,,,,,,,,,,,,,,,,,,,,,,,,,,,,,,,,,,,,
,,,,,,,,,,,,,,,,,,,,,,,,,,,,,,,,,,,,,,,,,,,,,,,,,,,,,,,,,,,,,,,,,,,,,,,,,.,.,.,.,.,.,,,,,,,,,,,,,,,,,,,,,,,,,,,,,,,,,,,,,,,,,,
,,,,,,,,,,,,,,,,,,,,,,,,,,,,,,,,,,,,,,,,,,,,,,,,,,,,,,,,,,,,,,,,,,,,,,,,,.,.,.,.,.,.,,,,,,,,,,,,,,,,,,,,,,,,,,,,,,,,,,,,,,,,,,
,,,,,,,,,,,,,,,,,,,,,,,,,,,,,,,,,,,,,,,,,,,,,,,,,,,,,,,,,,,,,,,,,,,,,,,,,.,.,.,.,.,.,,,,,,,,,,,,,,,,,,,,,,,,,,,,,,,,,,,,,,,,,,
,,,,,,,,,,,,,,,,,,,,,,,,,,,,,,,,,,,,,,,,,,,,,,,,,,,,,,,,,,,,,,,,,,,,,,,,,.,.,.,.,.,,,,,,,,,,,,,,,,,,,,,,,,,,,,,,,,,,,,,,,,,,,
,,,,,,,,,,,,,,,,,,,,,,,,,,,,,,,,,,,,,,,,,,,,,,,,,,,,,,,,,,,,,,,,,,,,,,,,,.,.,.,.,.,,,,,,,,,,,,,,,,,,,,,,,,,,,,,,,,,,,,,,,,,,,
,,,,,,,,,,,,,,,,,,,,,,,,,,,,,,,,,,,,,,,,,,,,,,,,,,,,,,,,,,,,,,,,,,,,,,,,,.,.,.,.,.,,,,,,,,,,,,,,,,,,,,,,,,,,,,,,,,,,,,,,,,,,,
,,,,,,,,,,,,,,,,,,,,,,,,,,,,,,,,,,,,,,,,,,,,,,,,,,,,,,,,,,,,,,,,,,,,,,,,,.,.,.,.,.,,,,,,,,,,,,,,,,,,,,,,,,,,,,,,,,,,,,,,,,,,,
,,,,,,,,,,,,,,,,,,,,,,,,,,,,,,,,,,,,,,,,,,,,,,,,,,,,,,,,,,,,,,,,,,,,,,,,,.,.,.,.,.,,,,,,,,,,,,,,,,,,,,,,,,,,,,,,,,,,,,,,,,,,,
,,,,,,,,,,,,,,,,,,,,,,,,,,,,,,,,,,,,,,,,,,,,,,,,,,,,,,,,,,,,,,,,,,,,,,,,,.,.,.,.,.,,,,,,,,,,,,,,,,,,,,,,,,,,,,,,,,,,,,,,,,,,,
,,,,,,,,,,,,,,,,,,,,,,,,,,,,,,,,,,,,,,,,,,,,,,,,,,,,,,,,,,,,,,,,,,,,-7.6383543,D,.,.,0.985128432,.,.,.,.,.,.,,,,,,,,,,,,,,,,,,,,,,,,,,,,,,,,,,,,,,,,,,
,,,,,,,,,,,,,,,,,,,,,,,,,,,,,,,,,,,,,,,,,,,,,,,,,,,,,,,,,,,,,,,,,,,,-7.775978,D,.,.,.,.,.,.,.,.,.,,,,,,,,,,,,,,,,,,,,,,,,,,,,,,,,,,,,,,,,,,
,,,,,,,,,,,,,,,,,,,,,,,,,,,,,,,,,,,,,,,,,,,,,,,,,,,,,,,,,,,,,,,,,,,,-7.6383543,D,.,.,0.985128432,.,.,.,.,.,.,,,,,,,,,,,,,,,,,,,,,,,,,,,,,,,,,,,,,,,,,,
,,,,,,,,,,,,,,,,,,,,,,,,,,,,,,,,,,,,,,,,,,,,,,,,,,,,,,,,,,,,,,,,,,,,-7.7984858,D,.,.,.,.,.,.,.,.,.,,,,,,,,,,,,,,,,,,,,,,,,,,,,,,,,,,,,,,,,,,
,,,,,,,,,,,,,,,,,,,,,,,,,,,,,,,,,,,,,,,,,,,,,,,,,,,,,,,,,,,,,,,,,,,,-7.6517186,D,.,.,.,.,.,.,.,.,.,,,,,,,,,,,,,,,,,,,,,,,,,,,,,,,,,,,,,,,,,,
,,,,,,,,,,,,,,,,,,,,,,,,,,,,,,,,,,,,,,,,,,,,,,,,,,,,,,,,,,,,,,,,,,,,-7.6383543,D,.,.,0.985128432,.,.,.,.,.,.,,,,,,,,,,,,,,,,,,,,,,,,,,,,,,,,,,,,,,,,,,
,,,,,,,,,,,,,,,,,,,,,,,,,,,,,,,,,,,,,,,,,,,,,,,,,,,,,,,,,,,,,,,,,,,,-8.367428,D,.,.,.,.,.,.,.,.,.,,,,,,,,,,,,,,,,,,,,,,,,,,,,,,,,,,,,,,,,,,
,,,,,,,,,,,,,,,,,,,,,,,,,,,,,,,,,,,,,,,,,,,,,,,,,,,,,,,,,,,,,,,,,,,,-7.6383543,D,.,.,0.985128432,.,.,.,.,.,.,,,,,,,,,,,,,,,,,,,,,,,,,,,,,,,,,,,,,,,,,,
,,,,,,,,,,,,,,,,,,,,,,,,,,,,,,,,,,,,,,,,,,,,,,,,,,,,,,,,,,,,,,,,,,,,-7.6383543,D,0.946,P,0.985128432,.,.,.,.,.,.,,,,,,,,,,,,,,,,,,,,,,,,,,,,,,,,,,,,,,,,,,
,,,,,,,,,,,,,,,,,,,,,,,,,,,,,,,,,,,,,,,,,,,,,,,,,,,,,,,,,,,,,,,,,,,,-7.6517186,D,.,.,.,.,.,.,.,.,.,,,,,,,,,,,,,,,,,,,,,,,,,,,,,,,,,,,,,,,,,,
,,,,,,,,,,,,,,,,,,,,,,,,,,,,,,,,,,,,,,,,,,,,,,,,,,,,,,,,,,,,,,,,,,,,-7.6383543,D,.,.,0.985128432,.,.,.,.,.,.,,,,,,,,,,,,,,,,,,,,,,,,,,,,,,,,,,,,,,,,,,
,,,,,,,,,,,,,,,,,,,,,,,,,,,,,,,,,,,,,,,,,,,,,,,,,,,,,,,,,,,,,,,,,,,,-7.6517186,D,.,.,.,.,.,.,.,.,.,,,,,,,,,,,,,,,,,,,,,,,,,,,,,,,,,,,,,,,,,,
,,,,,,,,,,,,,,,,,,,,,,,,,,,,,,,,,,,,,,,,,,,,,,,,,,,,,,,,,,,,,,,,,,,,-7.6383543,D,.,.,0.985128432,.,.,.,.,.,.,,,,,,,,,,,,,,,,,,,,,,,,,,,,,,,,,,,,,,,,,,
,,,,,,,,,,,,,,,,,,,,,,,,,,,,,,,,,,,,,,,,,,,,,,,,,,,,,,,,,,,,,,,,,,,,-7.6383543,D,.,.,0.985128432,.,.,.,.,.,.,,,,,,,,,,,,,,,,,,,,,,,,,,,,,,,,,,,,,,,,,,
,,,,,,,,,,,,,,,,,,,,,,,,,,,,,,,,,,,,,,,,,,,,,,,,,,,,,,,,,,,,,,,,,,,,-7.6517186,D,0.9821,LP,.,.,.,.,.,.,.,,,,,,,,,,,,,,,,,,,,,,,,,,,,,,,,,,,,,,,,,,
,,,,,,,,,,,,,,,,,,,,,,,,,,,,,,,,,,,,,,,,,,,,,,,,,,,,,,,,,,,,,,,,,,,,-7.7542663,D,.,.,.,.,.,.,.,.,.,,,,,,,,,,,,,,,,,,,,,,,,,,,,,,,,,,,,,,,,,,
,,,,,,,,,,,,,,,,,,,,,,,,,,,,,,,,,,,,,,,,,,,,,,,,,,,,,,,,,,,,,,,,,,,,-7.7984858,D,.,.,.,.,.,.,.,.,.,,,,,,,,,,,,,,,,,,,,,,,,,,,,,,,,,,,,,,,,,,
,,,,,,,,,,,,,,,,,,,,,,,,,,,,,,,,,,,,,,,,,,,,,,,,,,,,,,,,,,,,,,,,,,,,-7.6517186,D,.,.,.,.,.,.,.,.,.,,,,,,,,,,,,,,,,,,,,,,,,,,,,,,,,,,,,,,,,,,
,,,,,,,,,,,,,,,,,,,,,,,,,,,,,,,,,,,,,,,,,,,,,,,,,,,,,,,,,,,,,,,,,,,,-6.2904077,T,0.9817,LP,.,.,.,.,.,.,.,,,,,,,,,,,,,,,,,,,,,,,,,,,,,,,,,,,,,,,,,,
,,,,,,,,,,,,,,,,,,,,,,,,,,,,,,,,,,,,,,,,,,,,,,,,,,,,,,,,,,,,,,,,,,,,-7.6517186,D,.,.,.,.,.,.,.,.,.,,,,,,,,,,,,,,,,,,,,,,,,,,,,,,,,,,,,,,,,,,
,,,,,,,,,,,,,,,,,,,,,,,,,,,,,,,,,,,,,,,,,,,,,,,,,,,,,,,,,,,,,,,,,,,,-7.6383543,D,.,.,0.985128432,.,.,.,.,.,.,,,,,,,,,,,,,,,,,,,,,,,,,,,,,,,,,,,,,,,,,,
,,,,,,,,,,,,,,,,,,,,,,,,,,,,,,,,,,,,,,,,,,,,,,,,,,,,,,,,,,,,,,,,,,,,-7.6517186,D,.,.,.,.,.,.,.,.,.,,,,,,,,,,,,,,,,,,,,,,,,,,,,,,,,,,,,,,,,,,
,,,,,,,,,,,,,,,,,,,,,,,,,,,,,,,,,,,,,,,,,,,,,,,,,,,,,,,,,,,,,,,,,,,,-6.390738,T,.,.,.,.,.,.,.,.,.,,,,,,,,,,,,,,,,,,,,,,,,,,,,,,,,,,,,,,,,,,
,,,,,,,,,,,,,,,,,,,,,,,,,,,,,,,,,,,,,,,,,,,,,,,,,,,,,,,,,,,,,,,,,,,,-7.6383543,D,.,.,0.985128432,.,.,.,.,.,.,,,,,,,,,,,,,,,,,,,,,,,,,,,,,,,,,,,,,,,,,,
,,,,,,,,,,,,,,,,,,,,,,,,,,,,,,,,,,,,,,,,,,,,,,,,,,,,,,,,,,,,,,,,,,,,-7.6517186,D,.,.,.,.,.,.,.,.,.,,,,,,,,,,,,,,,,,,,,,,,,,,,,,,,,,,,,,,,,,,
,,,,,,,,,,,,,,,,,,,,,,,,,,,,,,,,,,,,,,,,,,,,,,,,,,,,,,,,,,,,,,,,,,,,-7.6383543,D,.,.,0.985128432,.,.,.,.,.,.,,,,,,,,,,,,,,,,,,,,,,,,,,,,,,,,,,,,,,,,,,
,,,,,,,,,,,,,,,,,,,,,,,,,,,,,,,,,,,,,,,,,,,,,,,,,,,,,,,,,,,,,,,,,,,,-7.6517186,D,.,.,.,.,.,.,.,.,.,,,,,,,,,,,,,,,,,,,,,,,,,,,,,,,,,,,,,,,,,,
,,,,,,,,,,,,,,,,,,,,,,,,,,,,,,,,,,,,,,,,,,,,,,,,,,,,,,,,,,,,,,,,,,,,-6.029546,T,.,.,.,.,.,.,.,.,.,,,,,,,,,,,,,,,,,,,,,,,,,,,,,,,,,,,,,,,,,,
,,,,,,,,,,,,,,,,,,,,,,,,,,,,,,,,,,,,,,,,,,,,,,,,,,,,,,,,,,,,,,,,,,,,-7.6517186,D,.,.,.,.,.,.,.,.,.,,,,,,,,,,,,,,,,,,,,,,,,,,,,,,,,,,,,,,,,,,
,,,,,,,,,,,,,,,,,,,,,,,,,,,,,,,,,,,,,,,,,,,,,,,,,,,,,,,,,,,,,,,,,,,,-7.6517186,D,.,.,.,.,.,.,.,.,.,,,,,,,,,,,,,,,,,,,,,,,,,,,,,,,,,,,,,,,,,,
,,,,,,,,,,,,,,,,,,,,,,,,,,,,,,,,,,,,,,,,,,,,,,,,,,,,,,,,,,,,,,,,,,,,-7.6383543,D,.,.,0.985128432,.,.,.,.,.,.,,,,,,,,,,,,,,,,,,,,,,,,,,,,,,,,,,,,,,,,,,
,,,,,,,,,,,,,,,,,,,,,,,,,,,,,,,,,,,,,,,,,,,,,,,,,,,,,,,,,,,,,,,,,,,,-7.775978,D,.,.,.,.,.,.,.,.,.,,,,,,,,,,,,,,,,,,,,,,,,,,,,,,,,,,,,,,,,,,
,,,,,,,,,,,,,,,,,,,,,,,,,,,,,,,,,,,,,,,,,,,,,,,,,,,,,,,,,,,,,,,,,,,,-7.6383543,D,.,.,0.985128432,.,.,.,.,.,.,,,,,,,,,,,,,,,,,,,,,,,,,,,,,,,,,,,,,,,,,,
,,,,,,,,,,,,,,,,,,,,,,,,,,,,,,,,,,,,,,,,,,,,,,,,,,,,,,,,,,,,,,,,,,,,-7.7984858,D,.,.,.,.,.,.,.,.,.,,,,,,,,,,,,,,,,,,,,,,,,,,,,,,,,,,,,,,,,,,
,,,,,,,,,,,,,,,,,,,,,,,,,,,,,,,,,,,,,,,,,,,,,,,,,,,,,,,,,,,,,,,,,,,,-7.6517186,D,.,.,.,.,.,.,.,.,.,,,,,,,,,,,,,,,,,,,,,,,,,,,,,,,,,,,,,,,,,,
,,,,,,,,,,,,,,,,,,,,,,,,,,,,,,,,,,,,,,,,,,,,,,,,,,,,,,,,,,,,,,,,,,,,-7.6383543,D,.,.,0.985128432,.,.,.,.,.,.,,,,,,,,,,,,,,,,,,,,,,,,,,,,,,,,,,,,,,,,,,
,,,,,,,,,,,,,,,,,,,,,,,,,,,,,,,,,,,,,,,,,,,,,,,,,,,,,,,,,,,,,,,,,,,,-8.367428,D,.,.,.,.,.,.,.,.,.,,,,,,,,,,,,,,,,,,,,,,,,,,,,,,,,,,,,,,,,,,
,,,,,,,,,,,,,,,,,,,,,,,,,,,,,,,,,,,,,,,,,,,,,,,,,,,,,,,,,,,,,,,,,,,,-7.6383543,D,.,.,0.985128432,.,.,.,.,.,.,,,,,,,,,,,,,,,,,,,,,,,,,,,,,,,,,,,,,,,,,,
,,,,,,,,,,,,,,,,,,,,,,,,,,,,,,,,,,,,,,,,,,,,,,,,,,,,,,,,,,,,,,,,,,,,-7.6383543,D,0.946,P,0.985128432,.,.,.,.,.,.,,,,,,,,,,,,,,,,,,,,,,,,,,,,,,,,,,,,,,,,,,
,,,,,,,,,,,,,,,,,,,,,,,,,,,,,,,,,,,,,,,,,,,,,,,,,,,,,,,,,,,,,,,,,,,,-7.6517186,D,.,.,.,.,.,.,.,.,.,,,,,,,,,,,,,,,,,,,,,,,,,,,,,,,,,,,,,,,,,,
,,,,,,,,,,,,,,,,,,,,,,,,,,,,,,,,,,,,,,,,,,,,,,,,,,,,,,,,,,,,,,,,,,,,-7.6383543,D,.,.,0.985128432,.,.,.,.,.,.,,,,,,,,,,,,,,,,,,,,,,,,,,,,,,,,,,,,,,,,,,
,,,,,,,,,,,,,,,,,,,,,,,,,,,,,,,,,,,,,,,,,,,,,,,,,,,,,,,,,,,,,,,,,,,,-7.6517186,D,.,.,.,.,.,.,.,.,.,,,,,,,,,,,,,,,,,,,,,,,,,,,,,,,,,,,,,,,,,,
,,,,,,,,,,,,,,,,,,,,,,,,,,,,,,,,,,,,,,,,,,,,,,,,,,,,,,,,,,,,,,,,,,,,-7.6383543,D,.,.,0.985128432,.,.,.,.,.,.,,,,,,,,,,,,,,,,,,,,,,,,,,,,,,,,,,,,,,,,,,
,,,,,,,,,,,,,,,,,,,,,,,,,,,,,,,,,,,,,,,,,,,,,,,,,,,,,,,,,,,,,,,,,,,,-7.6383543,D,.,.,0.985128432,.,.,.,.,.,.,,,,,,,,,,,,,,,,,,,,,,,,,,,,,,,,,,,,,,,,,,
,,,,,,,,,,,,,,,,,,,,,,,,,,,,,,,,,,,,,,,,,,,,,,,,,,,,,,,,,,,,,,,,,,,,-7.6517186,D,0.9821,LP,.,.,.,.,.,.,.,,,,,,,,,,,,,,,,,,,,,,,,,,,,,,,,,,,,,,,,,,
,,,,,,,,,,,,,,,,,,,,,,,,,,,,,,,,,,,,,,,,,,,,,,,,,,,,,,,,,,,,,,,,,,,,-7.7542663,D,.,.,.,.,.,.,.,.,.,,,,,,,,,,,,,,,,,,,,,,,,,,,,,,,,,,,,,,,,,,
,,,,,,,,,,,,,,,,,,,,,,,,,,,,,,,,,,,,,,,,,,,,,,,,,,,,,,,,,,,,,,,,,,,,-7.7984858,D,.,.,.,.,.,.,.,.,.,,,,,,,,,,,,,,,,,,,,,,,,,,,,,,,,,,,,,,,,,,
,,,,,,,,,,,,,,,,,,,,,,,,,,,,,,,,,,,,,,,,,,,,,,,,,,,,,,,,,,,,,,,,,,,,-7.6517186,D,.,.,.,.,.,.,.,.,.,,,,,,,,,,,,,,,,,,,,,,,,,,,,,,,,,,,,,,,,,,
,,,,,,,,,,,,,,,,,,,,,,,,,,,,,,,,,,,,,,,,,,,,,,,,,,,,,,,,,,,,,,,,,,,,-6.2904077,T,0.9817,LP,.,.,.,.,.,.,.,,,,,,,,,,,,,,,,,,,,,,,,,,,,,,,,,,,,,,,,,,
,,,,,,,,,,,,,,,,,,,,,,,,,,,,,,,,,,,,,,,,,,,,,,,,,,,,,,,,,,,,,,,,,,,,-8.06827,D,.,.,.,.,.,.,.,.,.,,,,,,,,,,,,,,,,,,,,,,,,,,,,,,,,,,,,,,,,,,