Variants,Mutation,Aβ37 [%],Aβ37 SD,Aβ38 [%],Aβ38 SD,Aβ40 [%],Aβ40 SD,Aβ42 [%],Aβ42 SD,Aβ43 [%],Aβ43 SD,N,variant_id_hg38,variant_id_hg19,aaref,aaalt,SIFT_score,SIFT_converted_rankscore,SIFT_pred,SIFT4G_score,SIFT4G_converted_rankscore,SIFT4G_pred,Polyphen2_HDIV_score,Polyphen2_HDIV_rankscore,Polyphen2_HDIV_pred,Polyphen2_HVAR_score,Polyphen2_HVAR_rankscore,Polyphen2_HVAR_pred,MutationTaster_score,MutationTaster_rankscore,MutationTaster_pred,MutationTaster_model,MutationTaster_trees_benign,MutationTaster_trees_deleterious,MutationAssessor_score,MutationAssessor_rankscore,MutationAssessor_pred,PROVEAN_score,PROVEAN_converted_rankscore,PROVEAN_pred,VEST4_score,VEST4_rankscore,MetaSVM_score,MetaSVM_rankscore,MetaSVM_pred,MetaLR_score,MetaLR_rankscore,MetaLR_pred,Reliability_index,MetaRNN_score,MetaRNN_rankscore,MetaRNN_pred,M-CAP_score,M-CAP_rankscore,M-CAP_pred,REVEL_score,REVEL_rankscore,MutPred2_score,MutPred2_rankscore,MutPred2_pred,MutPred2_top5_mechanisms,MVP_score,MVP_rankscore,gMVP_score,gMVP_rankscore,MPC_score,MPC_rankscore,PrimateAI_score,PrimateAI_rankscore,PrimateAI_pred,DEOGEN2_score,DEOGEN2_rankscore,DEOGEN2_pred,BayesDel_addAF_score,BayesDel_addAF_rankscore,BayesDel_addAF_pred,BayesDel_noAF_score,BayesDel_noAF_rankscore,BayesDel_noAF_pred,ClinPred_score,ClinPred_rankscore,ClinPred_pred,LIST-S2_score,LIST-S2_rankscore,LIST-S2_pred,VARITY_R_score,VARITY_R_rankscore,VARITY_ER_score,VARITY_ER_rankscore,VARITY_R_LOO_score,VARITY_R_LOO_rankscore,VARITY_ER_LOO_score,VARITY_ER_LOO_rankscore,ESM1b_score,ESM1b_converted_rankscore,ESM1b_pred,AlphaMissense_score,AlphaMissense_rankscore,AlphaMissense_pred,PHACTboost_score,PHACTboost_rankscore,MutFormer_score,MutFormer_rankscore,MutScore_score,MutScore_rankscore,Aloft_Fraction_transcripts_affected,Aloft_prob_Tolerant,Aloft_prob_Recessive,Aloft_prob_Dominant,Aloft_pred,Aloft_Confidence,CADD_raw,CADD_raw_rankscore,CADD_phred,DANN_score,DANN_rankscore,fathmm-XF_coding_score,fathmm-XF_coding_rankscore,fathmm-XF_coding_pred,Eigen-raw_coding,Eigen-raw_coding_rankscore,Eigen-phred_coding,Eigen-PC-raw_coding,Eigen-PC-raw_coding_rankscore,Eigen-PC-phred_coding
PSEN1:p.Ala79Val,A79V,2.53,0.53,15.85,0.96,69.46,4.14,11.84,4.49,0.32,0.05,6,14-73170945-C-T,14-73637653-C-T,A,V,0.011,0.91345,D,0.02,0.9297,D,1,0.90584,D,0.999,0.92351,D,1,0.9938,A,simple_aae,0,100,2.61,0.76156,M,-3.63,0.74083,D,0.804,0.94324,1.0112,0.97372,D,0.9895,0.99707,D,10,0.91670406,0.90927,D,0.683883,0.97381,D,0.958,0.99315,0.7035251016,0.75923,UC,"Gain of Strand (Pr = 0.29 , P = 0.0053)| Loss of Helix (Pr = 0.28 , P = 0.018)| Altered Cytoplasmic_loop (Pr = 0.093, P = 0.049)| Altered Signal_helix (Pr = 0.00015, P = 0.041)",0.9863565129,0.98606,0.8653774656,0.86416,1.455127737,0.86172,0.7682156563,0.77119,T,0.975089,0.99753,D,0.519814,0.94851,D,0.572546,0.96222,D,0.9618988037,0.65995,D,.,0.99865,.,0.75975263,0.81202,0.4547429,0.6803,0.7549955,0.80923,0.5924258,0.76093,-14.626438,0.939,D,0.9862,0.96926,P,0.9997756852,0.97902,0.99989641,0.99879,0.983,0.99413,.,.,.,.,.,.,4.648394,0.74155,26.1,0.9991273919,0.98171,0.928313,0.91201,D,0.8374916252,0.88323,9.558504,0.7668646463,0.87344,9.212799
PSEN1:p.Val89Leu,V89L,2.81,1.04,11.74,3.93,70.49,2.96,14.66,3.33,0.3,0.04,4,14-73170974-G-C,14-73637682-G-C,V,L,0,0.91345,D,0.059,0.9297,T,0.998,0.90584,D,0.996,0.86262,D,0.99,0.9938,D,simple_aae,1,99,3.295,0.90283,M,-2.74,0.62371,D,0.833,0.83425,0.9627,0.96577,D,0.9929,0.99832,D,10,0.94468975,0.93722,D,0.586084,0.96302,D,0.937,0.98598,0.8118136939,0.84789,PP,"Loss of Strand (Pr = 0.28 , P = 0.0072)| Gain of Helix (Pr = 0.27 , P = 0.047)| Altered Transmembrane_region (Pr = 0.0063, P = 0.022)| Altered Signal_helix (Pr = 0.0012, P = 0.017)| Gain of Palmitoylation at C92 (Pr = 8.2e-05 , P = 0.027)",0.9898049165,0.98957,0.9733318822,0.97307,1.448311648,0.86032,0.8595753908,0.91034,D,0.99308,0.99979,D,0.584022,0.97044,D,0.60113,0.96996,D,0.9948149323,0.86232,D,.,0.99648,.,0.8886625,0.9025,0.768309,0.8614,0.8937422,0.90695,0.768309,0.86141,-12.5783615,0.86283,D,0.986,0.95613,P,0.9993518835,0.96346,0.9999131,0.99894,0.993,0.9976,.,.,.,.,.,.,4.454278,0.6937,25.4,0.9982984172,0.91218,0.945304,0.95328,D,1.007236456,0.95941,14.15125,0.9301479464,0.9674,15.10573
PSEN1:p.Phe105Cys,F105C,5.79,0.27,10.07,0.79,74.31,0.84,9.83,0.6,0,0,4,14-73171023-T-G,14-73637731-T-G,F,C,0,0.91345,D,0.018,0.8365,D,0.999,0.90584,D,0.973,0.77493,D,1,0.9938,A,simple_aae,0,100,3.125,0.87862,M,-6.64,0.94944,D,0.93,0.95151,1.02,0.97528,D,0.9866,0.99601,D,10,0.95280343,0.94563,D,0.827229,0.98656,D,0.981,0.99874,0.8282177663,0.86236,PP,"Altered Cytoplasmic_loop (Pr = 0.34, P = 4.9e-05)| Altered PPI_residue (Pr = 0.32, P = 0.013)| Loss of Strand (Pr = 0.27 , P = 0.02)| Gain of ADP_ribosylation at R108 (Pr = 0.2 , P = 0.035)| Altered Signal_helix (Pr = 0.00012, P = 0.044)",0.9681383108,0.96749,0.9808560174,0.98067,1.732048272,0.90706,0.8661195636,0.91997,D,0.978209,0.99805,D,0.530785,0.95136,D,0.524659,0.95063,D,0.9986761212,0.94782,D,.,0.96598,.,0.93667525,0.94828,0.8200928,0.89402,0.9164561,0.92796,0.8314872,0.90148,-10.541139,0.74407,D,0.9764,0.95563,P,0.9968174541,0.92489,0.99991047,0.99894,0.935,0.96837,.,.,.,.,.,.,4.758349,0.7699,26.6,0.9943047287,0.64329,0.89381,0.83153,D,0.798625155,0.85945,8.753408,0.7374635646,0.85136,8.5153
PSEN1:p.Leu113Pro,L113P,11.33,5.55,10.76,3.37,48.39,14.48,29.51,9.06,0,0,4,14-73171047-T-C,14-73637755-T-C,L,P,0,0.91345,D,0.006,0.9297,D,1,0.90584,D,1,0.97366,D,0.98,0.97127,A,simple_aae,2,98,3.095,0.87374,M,-5.97,0.90158,D,0.975,0.99555,1.0238,0.97598,D,0.986,0.99579,D,10,0.97725475,0.9752,D,0.887919,0.99147,D,0.988,0.99961,0.9236395626,0.95426,PM,"Altered PPI_residue (Pr = 0.38, P = 0.0014)| Loss of Strand (Pr = 0.27 , P = 0.013)| Altered PPI_hotspot (Pr = 0.24, P = 0.045)| Altered Stability (Pr = 0.12, P = 0.03)| Altered Non_transmembrane (Pr = 0.094, P = 0.046)",0.9929111733,0.99274,0.9948604847,0.99482,1.858780251,0.92345,0.8902856112,0.95291,D,0.992069,0.99972,D,0.561814,0.96235,D,0.569231,0.96175,D,0.9983560443,0.93865,D,.,0.70784,.,0.95625913,0.96849,0.94254774,0.97901,0.96514857,0.97755,0.93981075,0.9772,-12.4842615,0.8503,D,0.9889,0.97151,P,0.9863958439,0.87088,0.999931,0.99924,0.98,0.99294,.,.,.,.,.,.,5.223277,0.87701,29.3,0.9990362866,0.97507,0.980619,0.99848,D,0.8173901761,0.87113,9.130086,0.7543327787,0.86405,8.902781
PSEN1:p.Tyr115His,Y115H,6.91,3.5,8.43,1.53,59.37,4.35,23.63,5.41,1.67,0.9,5,14-73173570-T-C,14-73640278-T-C,Y,H,0,0.91345,D,0.019,0.9297,D,1,0.90584,D,0.999,0.92351,D,1,0.9938,D,simple_aae,0,100,3.56,0.93269,H,-4.58,0.80374,D,0.961,0.9711,0.9167,0.95899,D,0.9948,0.99882,D,10,0.9742849,0.97102,D,0.874694,0.99041,D,0.976,0.99783,0.802545662,0.83986,PP,"Altered PPI_residue (Pr = 0.31, P = 0.014)| Altered PPI_hotspot (Pr = 0.3, P = 0.0048)| Altered Stability (Pr = 0.18, P = 0.015)| Altered Non_transmembrane (Pr = 0.094, P = 0.046)| Loss of Sulfation at Y115 (Pr = 0.025 , P = 0.021)",0.9951263492,0.995,0.9522668541,0.9518,1.664657686,0.89703,0.9251360893,0.98688,D,0.994761,0.99988,D,0.580381,0.96972,D,0.5959,0.96922,D,0.9949536368,0.86472,D,.,0.66409,.,0.92241156,0.9338,0.77336997,0.8645,0.9214437,0.93285,0.79360193,0.87709,-12.281792,0.87892,D,0.9829,0.9731,P,0.9997879086,0.97955,0.99991596,0.99909,0.978,0.99209,.,.,.,.,.,.,4.55809,0.71897,25.7,0.9983978989,0.92075,0.964887,0.98705,D,0.8651283794,0.89897,10.18821,0.7500184865,0.86083,8.800745
PSEN1:p.Ser132Ala,S132A,4.98,1.2,13.58,1.55,72.2,2.46,9.21,3.21,0.03,0.07,10,14-73173621-T-G,14-73640329-T-G,S,A,0.665,0.11916,T,0.504,0.24204,T,0.998,0.73236,D,0.995,0.83179,D,0.99,0.98095,D,simple_aae,1,99,0.905,0.23116,L,-0.87,0.2594,N,0.81,0.93141,1.0731,0.98673,D,0.9651,0.98883,D,10,0.85567176,0.84596,D,0.585357,0.96293,D,0.925,0.98152,0.7114082694,0.7654,UC,"Altered Cytoplasmic_loop (Pr = 0.24, P = 0.0014)| Loss of GPI-anchor_amidation at N135 (Pr = 0.071 , P = 0.0026)| Altered Transmembrane_region (Pr = 0.014, P = 0.0092)| Gain of C-terminal_signal at S132 (Pr = 0.0017 , P = 0.015)| Altered Signal_cleavage (Pr = 0.00047, P = 0.029)",0.9731664588,0.97261,0.9246546218,0.92393,1.311052702,0.83138,0.8093701601,0.83367,D,0.675601,0.90305,D,0.444525,0.92176,D,0.400753,0.92079,D,0.7114937305,0.40974,D,.,0.62663,.,0.28724685,0.51393,0.16532633,0.3812,0.3382722,0.55801,0.16915694,0.3879,-9.280158,0.76699,D,0.1727,0.6569,B,0.9348357476,0.78845,0.99969137,0.99612,0.808,0.89387,.,.,.,.,.,.,3.47839,0.48715,22.6,0.9859965496,0.43695,0.938176,0.93677,D,0.3629200684,0.59217,4.121803,0.4264810369,0.63024,4.551542
PSEN1:p.Met139Thr,M139T,8.11,7.9,10.84,2.84,62.25,8.48,18.21,4.18,0.6,0.5,5,14-73173643-T-C,14-73640351-T-C,M,T,0.002,0.78666,D,0.01,0.7971,D,0.995,0.77921,D,0.99,0.81118,D,1,0.9938,A,simple_aae,0,100,2.98,0.85343,M,-4.16,0.77751,D,0.857,0.85519,1.0428,0.97963,D,0.9834,0.99493,D,10,0.9636216,0.95757,D,0.883646,0.99112,D,0.973,0.99718,0.8138128427,0.84963,PP,"Altered Cytoplasmic_loop (Pr = 0.25, P = 0.0014)| Gain of GPI-anchor_amidation at N135 (Pr = 0.071 , P = 0.0026)| Altered Transmembrane_region (Pr = 0.04, P = 0.0006)| Loss of C-terminal_signal at N135 (Pr = 0.0007 , P = 0.026)| Altered Signal_cleavage (Pr = 0.00047, P = 0.029)",0.9878788059,0.9876,0.9763543902,0.97612,1.557750255,0.87948,0.9069162607,0.97168,D,0.973068,0.99719,D,0.559468,0.96046,D,0.56586,0.95983,D,0.991476357,0.81632,D,.,0.90014,.,0.85036826,0.87185,0.7765284,0.86645,0.86439705,0.88259,0.8114634,0.88845,-12.489429,0.88538,D,0.9197,0.92716,P,0.998474561,0.94514,0.9999095,0.99894,0.973,0.98982,.,.,.,.,.,.,4.108531,0.61451,24.3,0.9914274607,0.53719,0.933067,0.92411,D,0.7762617638,0.8452,8.333649,0.7154052314,0.8346,8.050699
PSEN1:p.Met139Val,M139V,5.94,3.82,10.59,2.02,60.64,3.9,22.12,1.82,0.71,0.26,5,14-73173642-A-G,14-73640350-A-G,M,V,0.157,0.6558,T,0.345,0.6821,T,0.988,0.64754,D,0.985,0.76461,D,0.99,0.9938,A,simple_aae,1,99,1.695,0.43225,L,-2.18,0.55848,N,0.894,0.9139,1.0834,0.98992,D,0.9657,0.98904,D,10,0.9328128,0.92531,D,0.575631,0.96173,D,0.879,0.96419,0.6822883511,0.74281,UC,"Altered Cytoplasmic_loop (Pr = 0.21, P = 0.004)| Gain of GPI-anchor_amidation at N135 (Pr = 0.087 , P = 0.0019)| Altered Transmembrane_region (Pr = 0.04, P = 0.00059)| Loss of C-terminal_signal at N135 (Pr = 0.0007 , P = 0.026)| Altered Signal_cleavage (Pr = 0.00047, P = 0.029)",0.9941650834,0.99402,0.9515326927,0.95106,1.436134369,0.85828,0.8301362991,0.86561,D,0.892953,0.97814,D,0.512654,0.94603,D,0.498615,0.94524,D,0.8875742555,0.53553,D,.,0.88672,.,0.5505908,0.69682,0.40019727,0.64302,0.4013797,0.60494,0.36265996,0.61417,-10.425925,0.81309,D,0.4073,0.77781,A,0.9882310006,0.8772,0.99984896,0.99806,0.855,0.92066,.,.,.,.,.,.,3.387237,0.47038,22.4,0.9691137711,0.31869,0.885406,0.81522,D,0.3771423897,0.59981,4.20475,0.4319960784,0.63373,4.593268
PSEN1:p.Val142Ile,V142I,4.28,0.22,11.73,0.46,66.48,5.11,17.51,4.93,0,0,4,14-73173651-G-A,14-73640359-G-A,V,I,0.089,0.46291,T,0.088,0.46101,T,0.998,0.77921,D,0.996,0.8449,D,0.99,0.9938,A,simple_aae,1,99,2.13,0.5915,M,-0.89,0.25723,N,0.782,0.78845,1.0491,0.98094,D,0.9839,0.99509,D,10,0.8582493,0.84868,D,0.543737,0.95757,D,0.833,0.94713,0.4383082276,0.55582,UC,"Altered Cytoplasmic_loop (Pr = 0.11, P = 0.035)| Altered Transmembrane_region (Pr = 0.04, P = 0.00061)| Altered Signal_helix (Pr = 0.00022, P = 0.033)",0.9534451769,0.95255,0.7748662674,0.77306,1.312555824,0.83176,0.7111901045,0.68714,T,0.843775,0.96344,D,0.468111,0.93206,D,0.434632,0.93121,D,0.8681690693,0.51552,D,.,0.92727,.,0.18810923,0.39973,0.17741229,0.40195,0.21939835,0.44136,0.1448226,0.34257,-7.1958156,0.56212,T,0.1124,0.41378,B,0.968555909,0.83028,0.99974555,0.99678,0.777,0.87655,.,.,.,.,.,.,4.366063,0.67297,25.1,0.9983648847,0.91732,0.912674,0.87316,D,0.6747034389,0.77857,6.779364,0.6857511161,0.81196,7.493739
PSEN1:p.Ile143Phe,I143F,1.88,0.84,22.06,1.21,61.85,5.02,14.07,3.36,0.14,0.07,4,14-73173654-A-T,14-73640362-A-T,I,F,0.001,0.78666,D,0.001,0.8365,D,1,0.90584,D,0.999,0.92351,D,1,0.9938,D,simple_aae,0,100,2.925,0.84247,M,-3.78,0.71921,D,0.97,0.98762,1.0093,0.97338,D,0.9874,0.99629,D,10,0.95408577,0.94699,D,0.894477,0.992,D,0.992,0.99986,0.9088206635,0.93912,PM,"Altered Transmembrane_region (Pr = 0.059, P = 8.3e-05)| Altered Signal_helix (Pr = 0.00022, P = 0.033)",0.984854488,0.98453,0.9870236369,0.98691,1.838456512,0.92106,0.8665274382,0.92056,D,0.979519,0.99825,D,0.562176,0.96242,D,0.569751,0.96182,D,0.9967682761,0.89949,D,.,0.98968,.,0.8761682,0.892,0.7790823,0.86802,0.89242476,0.90578,0.80850524,0.88655,-14.862803,0.95262,D,0.9278,0.92358,P,0.99823429,0.94149,0.9999107,0.99894,0.991,0.99694,.,.,.,.,.,.,4.42492,0.68678,25.3,0.9884362794,0.47349,0.939529,0.94004,D,0.8787953765,0.90633,10.51643,0.7981071398,0.89606,10.06805
PSEN1:p.Ile143Thr,I143T,6.02,0.64,29.39,1.24,41.45,1.95,23.01,0.7,0.13,0.01,4,14-73173655-T-C,14-73640363-T-C,I,T,0.001,0.78666,D,0.002,0.8365,D,1,0.90584,D,0.999,0.92351,D,1,0.9938,A,simple_aae,0,100,3.475,0.924,M,-4.38,0.78506,D,0.949,0.98479,0.9928,0.9706,D,0.9889,0.99684,D,10,0.9623935,0.95616,D,0.91685,0.99383,D,0.985,0.9993,0.9003237529,0.93056,PM,"Altered Transmembrane_region (Pr = 0.042, P = 0.0005)| Altered Signal_helix (Pr = 0.00022, P = 0.033)",0.9785965406,0.97814,0.9738582112,0.9736,1.645489305,0.89394,0.9068247676,0.97159,D,0.992284,0.99973,D,0.573833,0.96644,D,0.586495,0.96588,D,0.994028731,0.84965,D,.,0.9896,.,0.85800445,0.87763,0.74625295,0.84811,0.8822944,0.89709,0.7564409,0.85422,-12.472263,0.85658,D,0.8747,0.88691,P,0.9986785372,0.94852,0.99991596,0.99909,0.995,0.99826,.,.,.,.,.,.,4.314498,0.66098,24.9,0.9986296744,0.94106,0.933067,0.92411,D,0.8761389752,0.90491,10.45171,0.7815828468,0.88421,9.599682
PSEN1:p.Tyr154Asn,Y154N,2.3,1.49,6.14,1.72,69.62,5.67,15.42,3.79,6.52,2.08,5,14-73173687-T-A,14-73640395-T-A,Y,N,0,0.91345,D,0,0.9297,D,1,0.90584,D,0.999,0.92351,D,0.96,0.97127,D,simple_aae,4,96,3.59,0.93552,H,-8.46,0.97359,D,0.981,0.99617,0.9668,0.96641,D,0.9911,0.99769,D,10,0.97334206,0.96974,D,0.880062,0.99084,D,0.965,0.99518,0.9651017463,0.99297,PS,"Altered PPI_hotspot (Pr = 0.3, P = 0.0042)| Altered Cytoplasmic_loop (Pr = 0.29, P = 0.00036)| Altered Transmembrane_region (Pr = 0.018, P = 0.0061)| Gain of Palmitoylation at C158 (Pr = 9.4e-05 , P = 0.023)",0.9752093935,0.9747,0.9796338657,0.97944,1.876146627,0.92532,0.8291659355,0.86412,D,0.992261,0.99973,D,0.563112,0.96263,D,0.571095,0.96203,D,0.9977086782,0.92146,D,.,0.84975,.,0.90915185,0.92096,0.7950014,0.87796,0.8966468,0.90953,0.79589653,0.87854,-15.824961,0.97108,D,0.9956,0.95819,P,0.9999753506,0.99426,0.9999156,0.99909,0.979,0.99252,.,.,.,.,.,.,4.692263,0.75285,26.3,0.9906761559,0.518,0.905931,0.85755,D,0.8757019252,0.90467,10.44098,0.7641738628,0.87143,9.144872
PSEN1:p.Leu166Pro,L166P,2.76,1.5,14.12,3.04,23.14,3.53,55.58,8.64,4.4,1.79,5,14-73186869-T-C,14-73653577-T-C,L,P,0.006,0.63386,D,0.001,0.8365,D,0.469,0.59692,P,0.211,0.61743,B,1,0.9938,A,simple_aae,0,100,3.475,0.924,M,-6.63,0.92454,D,0.994,0.99902,0.9667,0.96639,D,0.9916,0.99788,D,10,0.9842838,0.98599,D,0.813645,0.98545,D,0.954,0.99189,0.9632256963,0.99169,PS,"Loss of Helix (Pr = 0.33 , P = 0.0013)| Gain of Strand (Pr = 0.33 , P = 0.00038)| Altered Cytoplasmic_loop (Pr = 0.25, P = 0.0013)| Altered PPI_hotspot (Pr = 0.24, P = 0.038)| Altered Transmembrane_region (Pr = 0.0075, P = 0.019)",0.9906521082,0.99044,0.9954522536,0.99542,1.178596402,0.79845,0.7654081583,0.76697,T,0.991882,0.9997,D,0.557388,0.96007,D,0.562873,0.95945,D,0.9873296022,0.77679,D,.,0.5973,.,0.96938837,0.98171,0.9296918,0.97028,0.9638048,0.97621,0.9289215,0.96975,-15.07102,0.94866,D,0.9994,0.99217,P,0.9999472522,0.99078,0.9999232,0.99909,0.975,0.99076,.,.,.,.,.,.,4.762746,0.77101,26.6,0.9990661175,0.97731,0.943887,0.95013,D,0.6967355607,0.79305,7.073491,0.6850642862,0.81142,7.48174
PSEN1:p.Leu166Arg,L166R,3.2,2.63,2.55,0.39,64.42,2.91,24.55,2.99,5.29,0.8,4,14-73186869-T-G,14-73653577-T-G,L,R,0,0.91345,D,0,0.9297,D,0.999,0.90584,D,0.98,0.83179,D,1,0.9938,D,simple_aae,0,100,3.475,0.924,M,-5.67,0.87562,D,0.997,0.99987,0.9496,0.96378,D,0.9927,0.99826,D,10,0.9854566,0.98787,D,0.865811,0.98969,D,0.979,0.9984,0.9489323211,0.97962,PS,"Altered Cytoplasmic_loop (Pr = 0.28, P = 0.00048)| Loss of Helix (Pr = 0.28 , P = 0.033)| Gain of Strand (Pr = 0.27 , P = 0.027)| Altered PPI_hotspot (Pr = 0.24, P = 0.039)| Altered Transmembrane_region (Pr = 0.011, P = 0.013)",0.9904294605,0.99021,0.9945279831,0.99448,1.759455808,0.91066,0.7381822467,0.72659,T,0.992975,0.99978,D,0.579312,0.96955,D,0.594365,0.96906,D,0.9981028438,0.93184,D,.,0.94078,.,0.96249557,0.97488,0.9189244,0.96267,0.9629006,0.97529,0.938047,0.97602,-15.722812,0.96757,D,0.9954,0.96392,P,0.9999519376,0.99183,0.9998994,0.99879,0.976,0.99121,.,.,.,.,.,.,4.720809,0.76019,26.4,0.9977026371,0.85867,0.874171,0.79617,D,0.9116160264,0.92276,11.35472,0.8366081883,0.92168,11.29692
PSEN1:p.Leu171Pro,L171P,3.64,0.46,4.28,0.34,62.65,6.84,29.44,7.55,0,0,4,14-73186884-T-C,14-73653592-T-C,L,P,0.001,0.78666,D,0.011,0.65114,D,1,0.90584,D,1,0.97366,D,0.97,0.9938,D,simple_aae,3,97,3.235,0.89483,M,-6.28,0.91246,D,0.961,0.9711,0.9666,0.96638,D,0.9915,0.99784,D,10,0.980786,0.98047,D,0.867386,0.98982,D,0.961,0.99405,0.959032137,0.98852,PS,"Altered Cytoplasmic_loop (Pr = 0.35, P = 1.9e-05)| Loss of Helix (Pr = 0.29 , P = 0.014)| Altered Transmembrane_region (Pr = 0.017, P = 0.0069)| Altered Signal_helix (Pr = 0.00017, P = 0.038)",0.9926758297,0.9925,0.9904814059,0.9904,1.85426415,0.92286,0.7902171612,0.80443,T,0.978462,0.99809,D,0.57001,0.96575,D,0.581003,0.96518,D,0.9920871854,0.82344,D,.,0.92953,.,0.9586695,0.97098,0.9159766,0.96055,0.9490798,0.96109,0.898814,0.94817,-15.436782,0.96485,D,0.9905,0.95715,P,0.998912788,0.95305,0.99992371,0.99909,0.976,0.99121,.,.,.,.,.,.,4.599203,0.72916,25.9,0.999189051,0.98589,0.937652,0.9355,D,0.8132562824,0.86858,9.045458,0.7392701457,0.85272,8.555312
PSEN1:p.Met233Ile,M233I,5.69,4.33,12.06,0.84,39.45,3.18,42.25,6.03,0.55,0.28,4,14-73192794-G-A,14-73659502-G-A,M,I,0.111,0.34592,T,0.045,0.49749,D,0.995,0.67509,D,0.989,0.78402,D,1,0.9938,D,simple_aae,0,100,2.48,0.71884,M,-3.58,0.71315,D,0.957,0.98282,1.0867,0.9911,D,0.9816,0.99435,D,10,0.93017346,0.9227,D,0.466666,0.946,D,0.905,0.97394,0.8607449305,0.89211,PM,"Altered Cytoplasmic_loop (Pr = 0.28, P = 0.00046)| Altered Transmembrane_region (Pr = 0.023, P = 0.004)",0.9892333785,0.98899,0.9256845712,0.92497,1.464945279,0.8637,0.9037798643,0.96845,D,0.973087,0.99719,D,0.532485,0.95163,D,0.527102,0.95092,D,0.9793551564,0.72601,D,.,0.93704,.,0.72543174,0.79213,0.5007888,0.70872,0.72641045,0.79271,0.61968017,0.77603,-8.908518,0.65679,D,0.9852,0.94479,P,0.9987840806,0.95053,0.99989057,0.99864,0.892,0.94245,.,.,.,.,.,.,4.652075,0.74251,26.1,0.996873984,0.79759,0.926459,0.90727,D,0.8687806663,0.90097,10.27481,0.8710115893,0.94149,12.56479
PSEN1:p.Met233Val,M233V,4.11,2.58,18.26,3.48,31.17,4.84,46.02,8.51,0.43,0.28,4,14-73192792-A-G,14-73659500-A-G,M,V,0.057,0.3812,T,0.162,0.31551,T,0.995,0.67509,D,0.989,0.78402,D,1,0.9938,A,simple_aae,0,100,1.545,0.38946,L,-3.55,0.71315,D,0.959,0.98852,1.1151,0.99891,D,0.9698,0.99044,D,10,0.92865884,0.9212,D,0.577786,0.962,D,0.93,0.98339,0.8744828537,0.90517,PM,"Altered Cytoplasmic_loop (Pr = 0.27, P = 0.00052)| Altered Transmembrane_region (Pr = 0.027, P = 0.0024)",0.9934687346,0.99331,0.9103706025,0.90952,1.4177999,0.85496,0.8836074471,0.94435,D,0.957278,0.99418,D,0.520578,0.94864,D,0.509998,0.94788,D,0.973760426,0.7003,D,.,0.9173,.,0.80466914,0.83996,0.60319,0.76688,0.7561007,0.80988,0.7586981,0.85559,-8.698313,0.69419,D,0.7353,0.77723,P,0.9992065282,0.95951,0.99989843,0.99879,0.915,0.95626,.,.,.,.,.,.,4.138876,0.62121,24.4,0.9950687937,0.68469,0.940076,0.94134,D,0.6106618404,0.7371,6.033647,0.6730750206,0.80234,7.277091
PSEN1:p.Leu235Pro,L235P,4.32,8.36,3.92,2.85,65.01,8.44,24.93,3.69,1.82,1.29,5,14-73192799-T-C,14-73659507-T-C,L,P,0,0.91345,D,0.002,0.7971,D,1,0.90584,D,1,0.97366,D,1,0.9938,D,simple_aae,0,100,3.43,0.91907,M,-6.57,0.91933,D,0.995,0.99932,0.9731,0.96741,D,0.991,0.99765,D,10,0.97150505,0.96729,D,0.894093,0.99197,D,0.973,0.99718,0.9683952374,0.995,PS,"Altered Cytoplasmic_loop (Pr = 0.35, P = 1.9e-05)| Loss of Helix (Pr = 0.27 , P = 0.049)| Altered Stability (Pr = 0.13, P = 0.026)| Altered Transmembrane_region (Pr = 0.023, P = 0.0039)",0.9947823565,0.99465,0.9824482933,0.98228,1.862961674,0.92384,0.9253417253,0.98702,D,0.990159,0.99956,D,0.584745,0.97055,D,0.602169,0.97007,D,0.9983500242,0.93865,D,.,0.97515,.,0.98256713,0.99286,0.9553835,0.98694,0.9766104,0.98819,0.95758575,0.98821,-16.11831,0.98011,D,0.9994,0.99217,P,0.9999413716,0.99078,0.99993098,0.99924,0.976,0.99121,.,.,.,.,.,.,4.812147,0.78362,26.9,0.9992455299,0.98982,0.967362,0.98979,D,0.9438084433,0.93701,12.24051,0.8796094592,0.94591,12.90602
PSEN1:p.Leu235Val,L235V,10.35,11.35,9.99,1.39,65.69,9.69,12.77,3.13,1.21,0.78,5,14-73192798-C-G,14-73659506-C-G,L,V,0.002,0.72325,D,0.092,0.41261,T,1,0.90584,D,0.999,0.92351,D,1,0.9938,D,simple_aae,0,100,2.625,0.76668,M,-2.79,0.59091,D,0.811,0.82707,1.0943,0.99416,D,0.9828,0.99473,D,10,0.93673575,0.92923,D,0.784694,0.98303,D,0.881,0.96494,0.813564988,0.84941,PP,"Altered Cytoplasmic_loop (Pr = 0.27, P = 0.00052)| Altered Transmembrane_region (Pr = 0.026, P = 0.0028)",0.9887102504,0.98846,0.7793722601,0.77759,1.466935703,0.86399,0.8690106869,0.92416,D,0.967751,0.99624,D,0.505642,0.94408,D,0.488543,0.94328,D,0.9702944756,0.68692,D,.,0.98409,.,0.84452164,0.86752,0.60161966,0.76601,0.80673385,0.84132,0.6416254,0.78822,-11.281208,0.83631,D,0.85,0.81603,P,0.9997452292,0.97751,0.99990034,0.99879,0.935,0.96837,.,.,.,.,.,.,2.945356,0.39338,20.9,0.9984990698,0.92941,0.56874,0.57229,D,0.4921463461,0.66456,4.975063,0.4045013095,0.61641,4.390435
PSEN1:p.Ala246Glu,A246E,4.13,1.41,11.08,1.08,68.11,1.79,16.37,3.7,0.31,0.12,3,14-73192832-C-A,14-73659540-C-A,A,E,0.005,0.63386,D,0.019,0.69472,D,0.995,0.67509,D,0.894,0.63412,P,0.99,0.98095,A,simple_aae,1,99,2.805,0.81595,M,-3.11,0.63696,D,0.902,0.94442,1.0526,0.9817,D,0.9861,0.99583,D,10,0.9482887,0.94091,D,0.732528,0.97845,D,0.835,0.94788,0.7963299527,0.83455,PP,"Gain of Helix (Pr = 0.3 , P = 0.0073)| Altered Cytoplasmic_loop (Pr = 0.26, P = 0.00097)| Altered Transmembrane_region (Pr = 0.0093, P = 0.015)| Loss of C_linked_glycosylation at W244 (Pr = 9.2e-06 , P = 0.025)",0.9870495088,0.98676,0.9910633836,0.99099,1.473273625,0.86514,0.7756801248,0.7824,T,0.993889,0.99984,D,0.518706,0.94787,D,0.507309,0.9471,D,0.9516333342,0.63382,D,.,0.9496,.,0.85156626,0.87276,0.6598873,0.79843,0.8525361,0.87349,0.6554337,0.79593,-12.288788,0.84451,D,0.9813,0.92797,P,0.9985513703,0.94646,0.99989843,0.99879,0.866,0.92708,.,.,.,.,.,.,4.464224,0.69615,25.4,0.9930130784,0.58773,0.691146,0.64997,D,0.7194330457,0.80803,7.399412,0.6580152326,0.79096,7.034236
PSEN1:p.Gly266Cys,G266C,4.87,2.99,3.69,0.63,76.83,2.13,14.61,1.47,0,0,4,14-73198057-G-T,14-73664765-G-T,G,C,0,0.91345,D,0,0.9297,D,1,0.90584,D,1,0.97366,D,0.99,0.98095,D,simple_aae,1,99,3.765,0.95059,H,-8.17,0.9679,D,0.974,0.98852,0.9213,0.95964,D,0.9973,0.99934,D,10,0.98401,0.98556,D,0.909476,0.99322,D,0.98,0.99858,0.9293195151,0.96009,PM,"Altered Cytoplasmic_loop (Pr = 0.14, P = 0.018)| Loss of Palmitoylation at C263 (Pr = 0.00015 , P = 0.012)",0.9910872321,0.99088,0.967403025,0.96709,1.509973533,0.87157,0.898527801,0.96271,D,0.991279,0.99966,D,0.595692,0.97611,D,0.617894,0.97574,D,0.999682188,0.98469,D,.,0.9956,.,0.95254135,0.96467,0.9387272,0.97647,0.95254135,0.96467,0.9387272,0.97647,-15.693627,0.96516,D,0.9994,0.99054,P,0.999417176,0.96519,0.9999229,0.99909,0.993,0.9976,.,.,.,.,.,.,4.787622,0.7774,26.7,0.9974670708,0.83965,0.946517,0.95589,D,1.126316934,0.98584,18.73233,1.054810794,0.99431,22.69734
PSEN1:p.Gly266Ser,G266S,2.37,1.39,1.74,0.16,67.78,0.35,18.86,1.2,9.26,0.77,4,14-73198057-G-A,14-73664765-G-A,G,S,0,0.91345,D,0,0.9297,D,1,0.90584,D,1,0.97366,D,1,0.9938,A,simple_aae,0,100,3.42,0.91793,M,-5.45,0.85499,D,0.985,0.99781,0.924,0.96003,D,0.9968,0.99923,D,10,0.9836421,0.98497,D,0.895374,0.99207,D,0.966,0.99545,0.8149661963,0.85064,PP,"Altered Cytoplasmic_loop (Pr = 0.16, P = 0.013)| Altered Transmembrane_region (Pr = 0.0013, P = 0.048)| Gain of Palmitoylation at C263 (Pr = 0.00019 , P = 0.01)",0.9934262017,0.99327,0.9439676851,0.94342,1.456923581,0.86211,0.8807394505,0.94052,D,0.99199,0.99971,D,0.591286,0.97342,D,0.611565,0.97299,D,0.9987226129,0.94934,D,.,0.99766,.,0.9259245,0.93733,0.9276818,0.96887,0.9141332,0.92571,0.9069205,0.95403,-14.619939,0.93558,D,0.9978,0.97655,P,0.9994622097,0.96673,0.99992514,0.99909,0.992,0.99727,.,.,.,.,.,.,4.596007,0.72835,25.9,0.99898984,0.9713,0.934894,0.92868,D,1.126168017,0.98582,18.72494,1.054705632,0.99431,22.68875
PSEN1:p.Arg269His,R269H,2.29,0.78,7.68,1.81,77.29,2.46,12.51,2.66,0.24,0.12,5,14-73198067-G-A,14-73664775-G-A,R,H,0.001,0.78666,D,0.002,0.7971,D,1,0.90584,D,0.999,0.92351,D,0.99,0.98095,A,simple_aae,1,99,2.775,0.80829,M,-4.34,0.76854,D,0.983,0.99419,0.9994,0.9717,D,0.9885,0.99669,D,10,0.9555217,0.94853,D,0.842774,0.98782,D,0.945,0.98886,0.6238675813,0.69835,UC,"Altered Cytoplasmic_loop (Pr = 0.23, P = 0.0024)",0.9865996548,0.98631,0.812822392,0.81124,1.630249338,0.89162,0.8485000134,0.8937,D,0.990498,0.99959,D,0.569389,0.96565,D,0.580112,0.96508,D,0.9955287576,0.8748,D,.,0.98951,.,0.6982929,0.777,0.43565336,0.66778,0.677311,0.76555,0.43428534,0.66688,-12.294618,0.8415,D,0.891,0.82112,P,0.99928932,0.96155,0.99988091,0.99849,0.989,0.99628,.,.,.,.,.,.,5.320793,0.89337,29.9,0.9994449841,0.99869,0.931536,0.92021,D,0.8910267105,0.91266,10.82079,0.8409673432,0.92437,11.44915
PSEN1:p.Arg278Thr,R278T,1.1,1.29,6.56,0.67,63.69,3.96,24.96,2.52,3.69,0.5,4,14-73198094-G-C,14-73664802-G-C,R,T,0,0.91345,D,0,0.9297,D,1,0.90584,D,0.999,0.92351,D,1,0.9938,A,simple_aae,0,100,3.36,0.91088,M,-5.46,0.85572,D,0.949,0.96773,0.9782,0.96821,D,0.9906,0.9975,D,10,0.97242165,0.9685,D,0.837335,0.98738,D,0.966,0.99545,0.7582047741,0.80273,PP,"Altered Cytoplasmic_loop (Pr = 0.21, P = 0.004)| Gain of N_linked_glycosylation at N279 (Pr = 0.036 , P = 0.025)",0.9931561612,0.99299,0.9545571011,0.95411,1.779788199,0.91346,0.8735278249,0.9306,D,0.99422,0.99985,D,0.579651,0.96961,D,0.594852,0.96911,D,0.9935864806,0.84316,D,.,0.99679,.,0.9073517,0.91928,0.7696951,0.86225,0.8958212,0.90879,0.7758563,0.86605,-14.727228,0.93926,D,0.999,0.98378,P,0.9997705901,0.97902,0.99991953,0.99909,0.995,0.99826,.,.,.,.,.,.,4.91211,0.80895,27.4,0.9863642211,0.44186,0.928221,0.91179,D,0.9548865692,0.94145,12.55905,0.8798908638,0.94605,12.91746
PSEN1:p.Glu280Ala,E280A,2.34,0.76,10.67,0.65,71.5,5.91,14.78,6.5,0.71,0.32,6,14-73198100-A-C,14-73664808-A-C,E,A,0.002,0.72325,D,0.003,0.76782,D,0.999,0.77921,D,0.998,0.88582,D,0.99,0.98095,A,simple_aae,1,99,2.635,0.76936,M,-5.42,0.85278,D,0.96,0.98479,1.0234,0.9759,D,0.9867,0.99604,D,10,0.982028,0.9824,D,0.82208,0.98614,D,0.985,0.9993,0.8570181376,0.88863,PM,"Loss of Strand (Pr = 0.27 , P = 0.027)| Altered Cytoplasmic_loop (Pr = 0.18, P = 0.0084)| Gain of N_linked_glycosylation at N279 (Pr = 0.04 , P = 0.023)",0.9899984806,0.98977,0.9189602164,0.91819,1.50912712,0.87137,0.8258323669,0.859,D,0.981434,0.99855,D,0.549911,0.95758,D,0.552133,0.95696,D,0.9972375064,0.91003,D,.,0.97924,.,0.7716596,0.81919,0.6799054,0.8097,0.7716364,0.81919,0.69866025,0.82036,-11.333094,0.78948,D,0.9728,0.90162,P,0.9966501253,0.92338,0.9999088,0.99894,0.983,0.99413,.,.,.,.,.,.,4.438028,0.68985,25.3,0.997069715,0.81121,0.931667,0.92053,D,0.9159794659,0.9248,11.47041,0.8753020927,0.94373,12.73431
PSEN1:p.Leu282Pro,L282P,1.58,0.23,3.26,0.25,77.19,5.03,16.66,5.15,1.3,0.12,4,14-73198106-T-C,14-73664814-T-C,L,P,0.001,0.78666,D,0.001,0.8365,D,0.998,0.73236,D,0.968,0.71743,D,0.97,0.9938,D,simple_aae,3,97,2.74,0.79914,M,-4.65,0.79433,D,0.878,0.9139,1.0323,0.97756,D,0.9856,0.99566,D,10,0.9600003,0.95345,D,0.860813,0.98928,D,0.977,0.99803,0.9346377739,0.96551,PS,"Gain of Loop (Pr = 0.28 , P = 0.018)| Altered Cytoplasmic_loop (Pr = 0.18, P = 0.0089)| Loss of N_linked_glycosylation at N279 (Pr = 0.035 , P = 0.026)",0.9867953664,0.9865,0.9297692804,0.92909,1.843175178,0.92155,0.8386685252,0.87873,D,0.978551,0.9981,D,0.550096,0.95762,D,0.552398,0.95699,D,0.9909623265,0.81062,D,.,0.76803,.,0.93067425,0.94214,0.9052127,0.95279,0.93067425,0.94215,0.9052127,0.95279,-12.088501,0.8427,D,0.964,0.88623,P,0.9989018887,0.95285,0.99992156,0.99909,0.99,0.99661,.,.,.,.,.,.,4.393555,0.6794,25.1,0.9992144291,0.9879,0.975693,0.99632,D,0.8421031602,0.88593,9.66019,0.7955686642,0.89425,9.993656
PSEN1:p.Leu282Arg,L282R,1.32,0.61,3.96,0.3,79.66,3.63,13.53,4.08,1.53,0.13,4,14-73198106-T-G,14-73664814-T-G,L,R,0,0.91345,D,0.001,0.8365,D,0.998,0.73236,D,0.968,0.71743,D,0.99,0.98095,D,simple_aae,1,99,2.74,0.79914,M,-4.56,0.7867,D,0.871,0.93969,1.0323,0.97756,D,0.9856,0.99566,D,10,0.97192115,0.96784,D,0.865579,0.98967,D,0.972,0.99695,0.9172866978,0.94774,PM,"Loss of Loop (Pr = 0.26 , P = 0.047)| Gain of Strand (Pr = 0.26 , P = 0.048)| Altered Cytoplasmic_loop (Pr = 0.19, P = 0.0075)| Gain of N_linked_glycosylation at N279 (Pr = 0.035 , P = 0.025)",0.9848909178,0.98456,0.9194587003,0.91868,1.756456525,0.9102,0.8132407069,0.83963,D,0.983431,0.99883,D,0.555244,0.95967,D,0.559793,0.95905,D,0.9920251981,0.82273,D,.,0.82894,.,0.8904448,0.90405,0.869396,0.92723,0.88350195,0.89811,0.88004065,0.93472,-11.876804,0.87517,D,0.9924,0.94403,P,0.9969893515,0.92656,0.9999169,0.99909,0.987,0.99559,.,.,.,.,.,.,4.375707,0.67511,25.1,0.9978015588,0.86724,0.944835,0.95224,D,0.8421031602,0.88593,9.66019,0.7955686642,0.89425,9.993656
PSEN1:p.Thr291Pro,T291P,1.58,1.41,12.2,0.36,59.94,3.51,21,5.39,5.28,0.76,4,14-73206388-A-C,14-73673096-A-C,T,P,0.012,0.54844,D,0.041,0.50873,D,0.999,0.77921,D,0.983,0.75797,D,0.9,0.94202,D,simple_aae,10,90,3.11,0.87619,M,-3.65,0.69989,D,0.801,0.86915,1.0296,0.97704,D,0.9863,0.9959,D,10,0.9181075,0.91068,D,0.715773,0.9769,D,0.966,0.99545,0.9259563618,0.95665,PM,"Loss of Proteolytic_cleavage at W294 (Pr = 0.18 , P = 0.0052)| Altered Cytoplasmic_loop (Pr = 0.1, P = 0.04)| Loss of C_linked_glycosylation at W294 (Pr = 5.2e-06 , P = 0.036)",0.990764826,0.99055,0.9561514013,0.95572,1.666597587,0.89763,0.6219115853,0.55933,T,0.982014,0.99863,D,0.550765,0.95774,D,0.553359,0.9571,D,0.9711745977,0.69015,D,.,0.69037,.,0.9093518,0.92114,0.8434127,0.90941,0.9125414,0.92419,0.8261531,0.89799,-16.283787,0.985,D,0.8573,0.80115,P,0.9990854959,0.95666,0.9999156,0.99909,0.965,0.98576,.,.,.,.,.,.,4.349107,0.66896,25,0.9965935854,0.77877,0.969014,0.99142,D,0.8494987825,0.89022,9.826722,0.7946363464,0.89359,9.966668
PSEN1:p.Leu381Phe,L381F,6.2,4.4,13.03,3.23,44.03,6.52,24.64,4.31,12.09,3.03,5,14-73217137-C-T,14-73683845-C-T,L,F,0,0.91345,D,0.003,0.7971,D,1,0.90584,D,0.999,0.92351,D,0.92,0.9938,A,simple_aae,8,92,2.81,0.81705,M,-3.67,0.70229,D,0.883,0.8923,0.9372,0.96195,D,0.9961,0.9991,D,10,0.95858884,0.95189,D,0.8144,0.98551,D,0.938,0.98634,0.74644141,0.7932,PP,"Gain of Loop (Pr = 0.28 , P = 0.013)| Loss of Ubiquitylation at K380 (Pr = 0.15 , P = 0.045)| Loss of Proteolytic_cleavage at D385 (Pr = 0.11 , P = 0.048)",0.9755992343,0.97509,0.941191596,0.94062,1.00783105,0.74496,0.8548865318,0.90335,D,0.995266,0.9999,D,0.555449,0.95973,D,0.560088,0.95911,D,0.9910647372,0.81172,D,.,0.9956,.,0.8833707,0.89799,0.85901195,0.92001,0.9053324,0.91741,0.8387702,0.9063,-15.969214,0.96934,D,0.9978,0.97229,P,0.9995977506,0.97116,0.999915,0.99894,0.99,0.99661,.,.,.,.,.,.,4.8659,0.79736,27.2,0.9991061874,0.98027,0.908421,0.86322,D,1.054703458,0.97184,15.74051,0.9786761605,0.9816,17.59322
PSEN1:p.Gly384Ala,G384A,0,0,15.41,0.53,62.25,0.88,22.35,0.94,0,0,4,14-73217147-G-C,14-73683855-G-C,G,A,0,0.91345,D,0,0.9297,D,0.999,0.77921,D,0.999,0.97366,D,1,0.9938,D,simple_aae,0,100,3.755,0.94978,H,-5.5,0.85875,D,0.981,0.9911,0.9276,0.96055,D,0.9968,0.99923,D,10,0.97512406,0.97219,D,0.777312,0.9824,D,0.959,0.99346,0.7022247965,0.75823,UC,"Gain of Helix (Pr = 0.27 , P = 0.049)| Loss of Strand (Pr = 0.26 , P = 0.045)| Altered PPI_hotspot (Pr = 0.26, P = 0.015)| Gain of Ubiquitylation at K380 (Pr = 0.17 , P = 0.027)| Gain of Proteolytic_cleavage at D385 (Pr = 0.13 , P = 0.023)",0.9931332183,0.99297,0.9611762314,0.9608,1.474833592,0.86536,0.8896839023,0.95215,D,0.99314,0.99979,D,0.583841,0.97041,D,0.60087,0.96993,D,0.9964581132,0.8929,D,.,0.97652,.,0.9610829,0.97345,0.9497599,0.98358,0.9566804,0.96892,0.9409443,0.97796,-14.451089,0.93077,D,0.9984,0.97747,P,0.9974022389,0.93099,0.99993277,0.99924,0.993,0.9976,.,.,.,.,.,.,4.76935,0.77268,26.7,0.9982798364,0.91046,0.943646,0.94959,D,1.112302325,0.98346,18.05477,1.037865891,0.99229,21.37533
PSEN1:p.Val393Phe,V393F,2.8,1.23,7.34,0.66,74.38,4.21,14.9,4.54,0.58,0.08,4,14-73217173-G-T,14-73683881-G-T,V,F,0.001,0.78666,D,0.001,0.8365,D,0.999,0.90584,D,0.999,0.92351,D,0.98,0.9938,A,simple_aae,2,98,3.605,0.93694,H,-4.58,0.7884,D,0.952,0.96086,0.9815,0.96875,D,0.9925,0.99819,D,10,0.94273186,0.93524,D,0.784503,0.98301,D,0.925,0.98152,0.914506243,0.94489,PM,"Altered Cytoplasmic_loop (Pr = 0.28, P = 0.00065)| Altered PPI_hotspot (Pr = 0.25, P = 0.023)| Loss of Ubiquitylation at K395 (Pr = 0.17 , P = 0.024)| Loss of Proteolytic_cleavage at Y389 (Pr = 0.11 , P = 0.038)| Gain of C-terminal_signal at A398 (Pr = 0.0028 , P = 0.012)",0.9898207391,0.98959,0.9888094095,0.98871,1.61186839,0.88872,0.7445598841,0.73599,T,0.995867,0.99993,D,0.586405,0.97306,D,0.604554,0.97263,D,0.9982428551,0.93561,D,.,0.98127,.,0.9525976,0.96472,0.8337779,0.903,0.9632292,0.97563,0.85443443,0.91688,-13.460093,0.91122,D,0.9834,0.93276,P,0.9979755742,0.9379,0.9999232,0.99909,0.987,0.99559,.,.,.,.,.,.,4.977959,0.82491,27.8,0.9950283736,0.68236,0.934427,0.92752,D,1.094428269,0.98019,17.27046,1.025166521,0.99052,20.47167
PSEN1:p.Val412Ile,V412I,5.7,0.42,17.29,1.86,67.77,2.78,9.03,1.56,0.21,0.03,4,14-73217230-G-A,14-73683938-G-A,V,I,0.039,0.42647,D,0.213,0.2677,T,0.986,0.61543,D,0.98,0.74847,D,0.98,0.97127,D,simple_aae,2,98,2.085,0.57551,M,-0.87,0.23537,N,0.752,0.80206,1.1059,0.99826,D,0.9838,0.99506,D,10,0.6861882,0.71311,D,0.280115,0.90179,D,0.679,0.88152,0.3491226253,0.47971,BP,"Altered Transmembrane_region (Pr = 0.0072, P = 0.02)| Loss of C-terminal_signal at I408 (Pr = 0.0035 , P = 0.01)| Altered Signal_helix (Pr = 0.00052, P = 0.023)| Altered Signal_cleavage (Pr = 0.00051, P = 0.027)| Loss of Palmitoylation at C410 (Pr = 0.00012 , P = 0.017)",0.8982934744,0.8965,0.6786658969,0.67641,0.6074982286,0.55268,0.805023849,0.82699,D,0.814637,0.95357,D,0.378147,0.88509,D,0.305405,0.88364,D,0.6419682356,0.37814,D,.,0.90795,.,0.46147752,0.64437,0.30862424,0.56649,0.4607744,0.64394,0.38394827,0.6309,-5.9487357,0.47475,T,0.1119,0.30616,B,0.7418865341,0.68496,0.99971229,0.99633,0.815,0.89781,.,.,.,.,.,.,3.940744,0.57798,23.9,0.9958772528,0.73467,0.867439,0.78644,D,0.6192563517,0.74258,6.125195,0.6742398797,0.8032,7.296478
PSEN1:p.Ala431Glu,A431E,2.18,2.27,3.76,2.65,72.32,5.78,13.89,2.96,7.85,3.62,6,14-73219177-C-A,14-73685885-C-A,A,E,0.001,0.78666,D,0.001,0.8365,D,1,0.90584,D,0.999,0.97366,D,0.99,0.9938,A,simple_aae,1,99,3.705,0.94571,H,-4.49,0.7808,D,0.922,0.98181,0.9783,0.96823,D,0.993,0.99835,D,10,0.9579847,0.95121,D,0.901902,0.99261,D,0.946,0.9892,0.9199316798,0.95044,PM,"Loss of C-terminal_signal at A431 (Pr = 0.0074 , P = 0.0069)| Altered Transmembrane_region (Pr = 0.0036, P = 0.031)| Altered Signal_cleavage (Pr = 0.00086, P = 0.016)| Altered Signal_helix (Pr = 0.00046, P = 0.024)",0.9919526953,0.99176,0.9963164411,0.99629,1.58366562,0.88377,0.8792194128,0.93847,D,0.996906,0.99996,D,0.572858,0.96626,D,0.585094,0.9657,D,0.9972994924,0.91144,D,.,0.97219,.,0.9178938,0.92936,0.905068,0.95268,0.9259403,0.93735,0.9024958,0.95083,-18.32959,0.99472,D,0.9977,0.97151,P,0.9985834983,0.94696,0.99992657,0.99924,0.989,0.99628,.,.,.,.,.,.,4.674557,0.74829,26.2,0.9931216925,0.59176,0.934873,0.92864,D,0.9998341284,0.95715,13.916,0.9116549566,0.96038,14.25872
PSEN1:p.Pro433Ser,P433S,0,0,3.69,1.05,43.55,6.48,18.57,6.63,34.18,1.57,4,14-73219182-C-T,14-73685890-C-T,P,S,0,0.91345,D,0,0.9297,D,1,0.90584,D,0.999,0.97366,D,0.98,0.9938,A,simple_aae,2,98,3.735,0.94817,H,-7.18,0.94186,D,0.802,0.84778,0.9318,0.96116,D,0.9968,0.99923,D,10,0.95594823,0.94899,D,0.858217,0.98908,D,0.951,0.99091,0.9089957458,0.9393,PM,"Gain of C-terminal_signal at A431 (Pr = 0.0083 , P = 0.0066)| Altered Transmembrane_region (Pr = 0.0082, P = 0.017)| Altered Signal_cleavage (Pr = 0.00068, P = 0.02)",0.969147233,0.96852,0.986127115,0.986,1.468627063,0.86435,0.9049501419,0.96967,D,0.997157,0.99997,D,0.578806,0.96948,D,0.593638,0.96898,D,0.9991161227,0.96192,D,.,0.55362,.,0.94641435,0.95834,0.93349457,0.97292,0.8878743,0.90183,0.9288328,0.96969,-14.982641,0.94624,D,0.9996,0.99217,P,0.9976783779,0.93411,0.9999254,0.99924,0.945,0.97437,.,.,.,.,.,.,4.522605,0.71022,25.6,0.9989529483,0.96826,0.919156,0.88886,D,1.054851334,0.97186,15.74573,0.9786219966,0.98159,17.59018
PSEN1:p.Arg35Gln,R35Q,3.37,0.88,11.44,0.42,74.84,4.82,10.28,3.79,0.07,0.11,6,14-73170813-G-A,14-73637521-G-A,R,Q,0.613,0.3812,T,0.598,0.9297,T,0,0.19421,B,0,0.13705,B,0.13,0.37861,N,simple_aae,87,13,1.385,0.3436,L,-0.24,0.63233,N,0.328,0.39004,0.8065,0.94473,D,0.8877,0.96265,D,10,0.12319812,0.23097,T,0.34223,0.92031,D,0.535,0.80384,0.06771271838,0.1028,BM,"Loss of Carboxylation at E34 (Pr = 0.00013 , P = 0.017)",0.9193888812,0.91795,0.4439817867,0.44109,0.6050236095,0.55123,0.3819617033,0.22509,T,0.321558,0.69032,T,-0.0523415,0.43748,T,0.0319768,0.722,D,0.01724385411,0.00464,T,.,0.54369,.,0.018119197,0.00333,0.02861955,0.01122,0.021091176,0.00691,0.024421409,0.00466,-3.2652984,0.14758,T,0.0676,0.15901,B,0.08802196331,0.42165,0.99849474,0.9881,0.035,0.07875,.,.,.,.,.,.,3.26894,0.44904,22,0.9113638975,0.20751,0.361677,0.44935,N,-0.6839286444,0.16279,0.8399806,-0.5002559524,0.21837,1.201499
PSEN1:p.Glu318Gly,E318G,3.32,1,11.7,0.94,73.86,5,11.06,3.28,0.06,0.09,6,14-73206470-A-G,14-73673178-A-G,E,G,0.132,0.6558,T,0.343,0.44658,T,0.011,0.15928,B,0.044,0.24396,B,0.13,0.33146,P,simple_aae,87,13,1.19,0.29978,L,-1.05,0.82854,N,0.071,0.2322,0.7465,0.93728,D,0.8664,0.95548,D,10,0.004003018,0.00111,T,,,,0.476,0.76692,0.1627288112,0.2706,BM,"Gain of Phosphorylation at S319 (Pr = 0.32 , P = 0.011)| Altered Cytoplasmic_loop (Pr = 0.29, P = 0.00041)| Gain of Ubiquitylation at K314 (Pr = 0.17 , P = 0.023)| Gain of Proteolytic_cleavage at E323 (Pr = 0.11 , P = 0.037)| Gain of GPI-anchor_amidation at N316 (Pr = 0.0075 , P = 0.047)",.,,0.2145848861,0.2118,0.6851422823,0.6,0.3224766552,0.13783,T,0.709989,0.91627,D,-0.137976,0.29857,T,0.0466167,0.73162,D,0.01289812407,0.0022,T,.,0.34489,.,0.07679137,0.17224,0.103747204,0.24839,0.07586953,0.16958,0.10447215,0.25031,-3.7023606,0.6099,T,0.0897,0.43366,B,0.08405053354,0.41749,0.96931314,0.94602,0.134,0.35453,.,.,.,.,.,.,3.800513,0.54902,23.5,0.986585329,0.44499,0.810155,0.7325,D,-0.1695259291,0.34135,1.963539,0.01119443224,0.39946,2.3979